"","percent.mt"
"AAACATACAACCAC-1",3.01777594047127
"AAACATTGAGCTAC-1",3.79359575769937
"AAACATTGATCAGC-1",0.889736256752463
"AAACCGTGCTTCCG-1",1.74308450170519
"AAACCGTGTATGCG-1",1.22448979591837
"AAACGCACTGGTAC-1",1.66435506241331
"AAACGCTGACCAGT-1",3.81609195402299
"AAACGCTGGTTCTT-1",3.09734513274336
"AAACGCTGTAGCCA-1",1.17647058823529
"AAACGCTGTTTCTG-1",2.9011786038078
"AAACTTGAAAAACG-1",2.63157894736842
"AAACTTGATCCAGA-1",1.08877721943049
"AAAGAGACGAGATA-1",1.07883817427386
"AAAGAGACGCGAGA-1",1.41773821299044
"AAAGAGACGGACTT-1",2.34578627280626
"AAAGAGACGGCATT-1",2.3989898989899
"AAAGATCTGGGCAA-1",5.93912397921307
"AAAGCAGAAGCCAT-1",5.09499136442142
"AAAGCAGATATCGG-1",1.39616055846422
"AAAGCCTGTATGCG-1",1.70765027322404
"AAAGGCCTGTCTAG-1",1.52825256384476
"AAAGTTTGATCACG-1",3.47003154574132
"AAAGTTTGGGGTGA-1",2.59067357512953
"AAAGTTTGTAGAGA-1",1.5426497277677
"AAAGTTTGTAGCGT-1",2.49720462169214
"AAATCAACAATGCC-1",1.16429495472186
"AAATCAACACCAGT-1",1.98300283286119
"AAATCAACCAGGAG-1",2.25
"AAATCAACCCTATT-1",2.43128964059197
"AAATCAACGGAAGC-1",1.75640656492946
"AAATCAACTCGCAA-1",1.84987548914977
"AAATCATGACCACA-1",4.57848837209302
"AAATCCCTCCACAA-1",1.98952879581152
"AAATCCCTGCTATG-1",1.70316301703163
"AAATGTTGAACGAA-1",1.93266832917706
"AAATGTTGCCACAA-1",0.625
"AAATGTTGTGGCAT-1",1.91959434987323
"AAATTCGAAGGTTC-1",2.22627737226277
"AAATTCGAATCACG-1",1.98675496688742
"AAATTCGAGCTGAT-1",2.18928932300438
"AAATTCGAGGAGTG-1",2.48488918737408
"AAATTCGATTCTCA-1",1.43884892086331
"AAATTGACACGACT-1",2.12134068731438
"AAATTGACTCGCTC-1",1.49516270888303
"AACAAACTCATTTC-1",1.42332415059688
"AACAAACTTTCGTT-1",1.71130952380952
"AACAATACGACGAG-1",2.99429657794677
"AACACGTGCAGAGG-1",0.889382990550306
"AACACGTGGAAAGT-1",1.02700646633701
"AACACGTGGAACCT-1",2.23684210526316
"AACACGTGGCTACA-1",2.4132730015083
"AACACGTGTACGAC-1",2.74586718968899
"AACAGCACAAGAGT-1",2.47093023255814
"AACATTGATGGGAG-1",3.16281044364254
"AACCAGTGATACCG-1",2.78645833333333
"AACCCAGATCGCTC-1",1.1096884336321
"AACCGATGCTCCCA-1",3.6617262423714
"AACCGATGGTCATG-1",2.08966565349544
"AACCGATGTTCTAC-1",2.57192676547515
"AACCGCCTAGCGTT-1",1.65191740412979
"AACCGCCTCTACGA-1",3.48022033049574
"AACCTACTGTGAGG-1",1.58394931362196
"AACCTACTGTGTTG-1",2.65420560747664
"AACCTTACGAGACG-1",2.52616383976904
"AACCTTACGCGAGA-1",4.73515248796148
"AACCTTACTAACGC-1",1.69491525423729
"AACCTTTGGACGGA-1",1.30057803468208
"AACCTTTGTACGCA-1",1.97097682477799
"AACGCAACAAGTAG-1",1.513671875
"AACGCATGACCCAA-1",2.19899062725306
"AACGCATGCCTTCG-1",2.68667131891137
"AACGCATGTACTTC-1",1.40748369378647
"AACGCCCTCGGGAA-1",2.1982414068745
"AACGCCCTCGTACA-1",1.40992167101828
"AACGCCCTGCTTAG-1",5.40540540540541
"AACGCCCTGGCATT-1",2.77392510402219
"AACGTCGAGTATCG-1",2.00186219739292
"AACGTGTGAAAGCA-1",2.4468085106383
"AACGTGTGGCGGAA-1",2.07729468599034
"AACGTGTGTCCAAG-1",2.46246246246246
"AACGTGTGTGCTTT-1",1.24223602484472
"AACTACCTTAGAGA-1",1.49617258176757
"AACTCACTCAAGCT-1",3.14779270633397
"AACTCACTTGGAGG-1",1.50801131008483
"AACTCGGAAAGTGA-1",3.64130434782609
"AACTCGGAAGGTCT-1",2.40496508921645
"AACTCTTGCAGGAG-1",0.999048525214082
"AACTGTCTCCCTTG-1",2.19260533104041
"AACTTGCTACGCTA-1",2.65524625267666
"AACTTGCTGGGACA-1",2.19957081545064
"AAGAACGAGTGTTG-1",1.41025641025641
"AAGAAGACGTAGGG-1",2.08768267223382
"AAGACAGAAGTCTG-1",1.86666666666667
"AAGACAGAGGATCT-1",1.25324114088159
"AAGACAGATTACCT-1",2.46860112602858
"AAGAGATGGGTAGG-1",2.0817843866171
"AAGATGGAAAACAG-1",2.50569476082005
"AAGATGGAGAACTC-1",1.70089858793325
"AAGATGGAGATAAG-1",3.9313262005474
"AAGATTACAACCTG-1",1.70051960321209
"AAGATTACAGATCC-1",1.47856086742238
"AAGATTACCCGTTC-1",2.57060101375815
"AAGATTACCGCCTT-1",1.76355323318093
"AAGATTACCTCAAG-1",2.45721807810443
"AAGATTACTCCTCG-1",2.64797507788162
"AAGCAAGAGCGAGA-1",2.30024213075061
"AAGCAAGAGCTTAG-1",2.2140221402214
"AAGCAAGAGGTGTT-1",1.72209026128266
"AAGCACTGAGCAAA-1",2.72024729520866
"AAGCACTGCATACG-1",0.12453300124533
"AAGCACTGGTTCTT-1",2.35657402892898
"AAGCCAACGTGTTG-1",1.44717800289436
"AAGCCATGAACTGC-1",1.40147225368063
"AAGCCATGACACGT-1",1.49837133550489
"AAGCCATGCGTGAT-1",1.09004739336493
"AAGCCATGTCTCGC-1",3.52422907488987
"AAGCCTGACATGCA-1",1.78870877585243
"AAGCCTGACCGAAT-1",2.00573065902579
"AAGCGACTCCTCAC-1",1.71265461465271
"AAGCGACTGTGTCA-1",1.59693388693708
"AAGCGACTTACAGC-1",1.80722891566265
"AAGCGACTTTGACG-1",1.52671755725191
"AAGCGTACGTCTTT-1",3.91006842619746
"AAGGCTTGCGAACT-1",0.91566265060241
"AAGGTCACGGTTAC-1",2.45989304812834
"AAGGTCACTGTTTC-1",1.86125211505922
"AAGGTCACTTCCCG-1",2.47379454926625
"AAGGTCTGACAGTC-1",3.90413606494009
"AAGGTCTGCAGATC-1",0.827300930713547
"AAGGTCTGGTATGC-1",5.03496503496504
"AAGTAACTCTGAAC-1",2.18783351120598
"AAGTAACTGAGATA-1",0.606980273141123
"AAGTAGGATACAGC-1",1.85722576900754
"AAGTATACCGAACT-1",1.8455859735466
"AAGTCCGACTTGTT-1",2.42941562705187
"AAGTCCGATAGAAG-1",1.84085510688836
"AAGTCTCTAGTCGT-1",2.37659963436929
"AAGTCTCTCGGAGA-1",3.04678998911861
"AAGTGGCTTGGAGG-1",2.03562340966921
"AAGTTCCTCATTCT-1",1.97086546700943
"AAGTTCCTTCTTAC-1",2.94117647058824
"AATAAGCTCGAATC-1",2.35592606016673
"AATAAGCTCGTTGA-1",1.30922693266833
"AATACCCTGGACGA-1",2.2
"AATACCCTGGCATT-1",1.57147174372922
"AATACTGAAAGGGC-1",1.03151862464183
"AATACTGAATTGGC-1",1.92837465564738
"AATAGGGAACCCTC-1",1.56576200417537
"AATAGGGAGAATGA-1",3.60021493820527
"AATCAAACTATCGG-1",2.26492793411119
"AATCCGGAATGCTG-1",1.49786019971469
"AATCCTACCGGTAT-1",2.54098360655738
"AATCCTTGACGGGA-1",2.36873272799052
"AATCCTTGGTGAGG-1",1.25499144324016
"AATCGGTGGAACTC-1",2.1505376344086
"AATCGGTGTGCTTT-1",1.95353748680042
"AATCTAGAAAAGTG-1",1.97597830298334
"AATCTAGAATCGGT-1",2.21099178774479
"AATCTCACAGCCTA-1",2.13903743315508
"AATCTCACTCTAGG-1",0.838379133674895
"AATCTCTGAACAGA-1",1.6032982134677
"AATCTCTGCTTTAC-1",1.81392627267408
"AATGATACACCAAC-1",0.72992700729927
"AATGATACGGTCAT-1",2.00517464424321
"AATGCGTGACACCA-1",1.60502442428472
"AATGCGTGGACGGA-1",2.12093862815884
"AATGCGTGGCTATG-1",2.06834532374101
"AATGGAGAATCGTG-1",3.27731092436975
"AATGGAGATCCTTA-1",2.55362614913177
"AATGGCTGACACCA-1",2.37076061903194
"AATGGCTGCGTGAT-1",1.99185151652331
"AATGGCTGTAAAGG-1",4.82115085536547
"AATGGCTGTACTCT-1",4.97100248550124
"AATGGCTGTGAAGA-1",2.66106442577031
"AATGTAACGGTGGA-1",0.557925828683951
"AATGTAACGTTTGG-1",5.2212389380531
"AATGTCCTCTTCTA-1",1.65612767238783
"AATGTTGACAGTCA-1",1.97224251278305
"AATGTTGAGTTGAC-1",1.5025041736227
"AATGTTGATCTACT-1",1.72155688622754
"AATTACGAATTCCT-1",1.88470066518847
"AATTACGACTTCTA-1",1.16822429906542
"AATTACGAGTAGCT-1",5.46125461254613
"AATTACGAGTGAGG-1",0.923520923520924
"AATTACGATTGGCA-1",3.58381502890173
"AATTCCTGCTCAGA-1",2.39021678710395
"AATTGATGTCGCAA-1",3.09823677581864
"AATTGTGACTTGGA-1",1.72413793103448
"ACAAAGGAGGGTGA-1",2.47892910262766
"ACAAATTGATTCTC-1",2.63800683927699
"ACAAATTGCTCAGA-1",2.83018867924528
"ACAAATTGTTGCGA-1",2.62252794496991
"ACAACCGAGGGATG-1",1.76174496644295
"ACAACCGAGTTACG-1",1.80608365019011
"ACAAGAGAAGTCGT-1",3.18532818532819
"ACAAGAGACTTATC-1",4.4350580781415
"ACAAGAGAGTTGAC-1",4.43896424167694
"ACAATCCTAACCGT-1",1.46804835924007
"ACAATCCTTAGCGT-1",3.46883468834688
"ACAATTGACTGACA-1",2.17290799815072
"ACAATTGATGACTG-1",1.87265917602996
"ACACAGACACCTGA-1",6.17059891107078
"ACACAGACCATACG-1",2.22662048490846
"ACACCAGAGGGCAA-1",1.30090497737557
"ACACCCTGGTGTTG-1",1.38427464008859
"ACACGAACAGTTCG-1",1.57583716349311
"ACACGATGACGCAT-1",2.77102576567817
"ACACGATGATGTGC-1",3.45721694036301
"ACACGATGTCGTAG-1",1.91728293618187
"ACACGATGTGGTCA-1",1.68831168831169
"ACAGACACGGCATT-1",3.13523631258774
"ACAGACACGTTGTG-1",1.00959111559818
"ACAGCAACACCTAG-1",1.81644359464627
"ACAGCAACCTCAAG-1",2.031144211239
"ACAGGTACCCCACT-1",1.02676934360103
"ACAGGTACGCTGTA-1",3.15457413249211
"ACAGGTACTGGTGT-1",1.27320954907162
"ACAGTCGACCCAAA-1",2.28174603174603
"ACAGTCGACCGATA-1",1.01547388781431
"ACAGTGACTCACCC-1",1.1568718186025
"ACAGTGACTCTATC-1",4.12951665884561
"ACAGTGTGGTCACA-1",2.28452751817238
"ACAGTGTGTTGCGA-1",2.24373075230972
"ACATCACTCTACTT-1",1.91846522781775
"ACATGGTGAAGCCT-1",1.20092378752887
"ACATGGTGCAACCA-1",2.74802049371216
"ACATGGTGCGAGTT-1",1.17302052785924
"ACATGGTGCGTTGA-1",5.38461538461539
"ACATTCTGGCATAC-1",1.61516853932584
"ACATTCTGGGAACG-1",1.66890982503365
"ACCAACGACATGCA-1",1.41911069063387
"ACCACAGAAAGTAG-1",3.2258064516129
"ACCACAGAGTTGGT-1",1.22549019607843
"ACCACCTGTGTGCA-1",1.70068027210884
"ACCACGCTACAGCT-1",1.62055335968379
"ACCACGCTACCCAA-1",2.47933884297521
"ACCACGCTGCGAGA-1",2.37493683678626
"ACCACGCTGCTGTA-1",3.58565737051793
"ACCAGCCTGACAGG-1",1.4791747761775
"ACCAGTGAACGGTT-1",3.35260115606936
"ACCAGTGAATACCG-1",3.20496252261566
"ACCAGTGAGGGATG-1",0.900163666121113
"ACCAGTGATGACTG-1",2.78004905968929
"ACCATTACCTTCTA-1",1.90336749633968
"ACCATTACGAGATA-1",0.775193798449612
"ACCATTTGTCATTC-1",2.00364298724954
"ACCCAAGAACTGTG-1",2.11267605633803
"ACCCAAGAATTCCT-1",1.4879281302639
"ACCCAAGAGGACAG-1",1.10924369747899
"ACCCAAGATTCACT-1",2.88900152052712
"ACCCACTGCGCCTT-1",2.73833671399594
"ACCCACTGGACAGG-1",2.43337195828505
"ACCCACTGGTTCAG-1",1.2589928057554
"ACCCACTGTCGTAG-1",3.13370473537604
"ACCCAGCTCAGAAA-1",1.88442211055276
"ACCCAGCTGTTAGC-1",2.05999277195519
"ACCCAGCTTGCTTT-1",0.440881763527054
"ACCCGTTGATGACC-1",2.91777188328912
"ACCCGTTGCTGCAA-1",0.741770978210477
"ACCCGTTGCTTCTA-1",1.43021535426599
"ACCCTCGACCTATT-1",2.20034742327736
"ACCCTCGACGGTAT-1",1.84887459807074
"ACCCTCGATAAGGA-1",2.63620386643234
"ACCCTCGATCAAGC-1",2.84130284130284
"ACCGTGCTACCAGT-1",1.5495867768595
"ACCGTGCTGGAACG-1",2.20125786163522
"ACCTATTGCTGAGT-1",2.60504201680672
"ACCTATTGTGCCCT-1",2.76134122287968
"ACCTCCGAGTCCTC-1",1.07216494845361
"ACCTCCGATATGCG-1",2.57126886528787
"ACCTCCGATGCTGA-1",2.29306487695749
"ACCTCGTGAACCAC-1",2.9979674796748
"ACCTGAGATATCGG-1",3.74261326329613
"ACCTGGCTAAGTAG-1",2.8892455858748
"ACCTGGCTGTCTTT-1",5.26946107784431
"ACCTTTGACTCCCA-1",2.22585924713584
"ACCTTTGAGGAACG-1",3.30598455598456
"ACCTTTGAGGAAGC-1",1.70500676589986
"ACGAACACCTTGTT-1",1.32641291810842
"ACGAACTGGCTATG-1",1.57746478873239
"ACGAAGCTCTCCAC-1",1.0062893081761
"ACGAAGCTCTGAGT-1",3.34182951005381
"ACGACCCTATCTCT-1",2.06084396467125
"ACGACCCTGATGAA-1",3.03331675783192
"ACGACCCTTGACAC-1",1.64697457930541
"ACGACCCTTGACCA-1",2.72255834053587
"ACGAGGGACAGGAG-1",1.46316851664985
"ACGAGGGACGAACT-1",2.50181290790428
"ACGAGGGATGTAGC-1",2.39187418086501
"ACGAGTACCCTAAG-1",1.82975338106603
"ACGAGTACGAATCC-1",1.57502072395689
"ACGATCGAGGACTT-1",0.935162094763092
"ACGATCGAGTCACA-1",1.99021207177814
"ACGATGACAATGCC-1",2.04899777282851
"ACGATGACTGGTCA-1",1.82370820668693
"ACGATTCTACGGGA-1",3.42465753424658
"ACGCAATGGTTCAG-1",2.6079869600652
"ACGCACCTGTTAGC-1",2.1339656194428
"ACGCCACTGAACTC-1",0
"ACGCCGGAAACCAC-1",2.27374052608114
"ACGCCGGAAAGCCT-1",0.886607559496034
"ACGCCGGAAATGCC-1",2.26860254083485
"ACGCCTTGCTCCCA-1",3.03030303030303
"ACGCGGTGGCGAGA-1",2.05592105263158
"ACGCGGTGTGTGGT-1",2.26661544371879
"ACGCGGTGTTTGCT-1",1.63246268656716
"ACGCTCACAGTACC-1",2.70384452893959
"ACGCTCACCCTTGC-1",2.31267345050879
"ACGCTGCTGTTCTT-1",1.07471852610031
"ACGGAACTCAGATC-1",1.85701021355617
"ACGGAACTGTCGTA-1",3.90516039051604
"ACGGAGGACTCTTA-1",2.87026406429392
"ACGGATTGGGAGGT-1",2.78113663845224
"ACGGATTGGTTAGC-1",1.82529335071708
"ACGGCTCTGAGCAG-1",2.51256281407035
"ACGGCTCTTGCACA-1",1.89349112426036
"ACGGTAACCGCTAA-1",2.68096514745308
"ACGGTAACCTTCGC-1",2.31481481481481
"ACGGTAACGGTGGA-1",4.19753086419753
"ACGGTAACTCGCAA-1",2.22588623248145
"ACGGTATGAGTCGT-1",2.43764172335601
"ACGGTATGGGTATC-1",3.81572824569567
"ACGGTATGGTTGTG-1",2.26104830421377
"ACGGTCCTAACGGG-1",1.36612021857923
"ACGGTCCTCGGGAA-1",2.35137533274179
"ACGTAGACAACCAC-1",0.986679822397632
"ACGTAGACTACAGC-1",1.75054704595186
"ACGTCAGAAACGAA-1",2.16989843028624
"ACGTCAGAGAGCTT-1",2.40963855421687
"ACGTCAGAGGGATG-1",1.49253731343284
"ACGTCCTGATAAGG-1",3.50209364293871
"ACGTCCTGTGAACC-1",2.42350802787034
"ACGTCGCTCCTGAA-1",1.86034658511723
"ACGTCGCTCTATTC-1",3.40909090909091
"ACGTCGCTTCTCAT-1",2.5
"ACGTGATGCCATGA-1",2.63012690822145
"ACGTGATGGGTCTA-1",1.89897455374098
"ACGTGATGTAACCG-1",1.546738399462
"ACGTGATGTGACAC-1",3.18650421743205
"ACGTGCCTCCGTAA-1",1.37867647058824
"ACGTGCCTTCTATC-1",3.7037037037037
"ACGTTACTTTCCAT-1",1.6268429079817
"ACGTTGGAAAAGCA-1",1.92043895747599
"ACGTTGGAAACCTG-1",4.01443391971132
"ACGTTGGACCGTAA-1",2.46020260492041
"ACGTTGGAGCCAAT-1",2.24719101123596
"ACGTTGGATATGGC-1",1.23691722169363
"ACGTTGGATCAGGT-1",1.5005359056806
"ACGTTTACATCAGC-1",1.5631601182932
"ACTAAAACCCACAA-1",1.42067876874507
"ACTAAAACTCGACA-1",2.09302325581395
"ACTACGGAATTTCC-1",1.92043895747599
"ACTACGGACCTATT-1",2.66075388026608
"ACTACGGATCGCTC-1",1.37596114933225
"ACTACTACTAAGGA-1",2.39418554938008
"ACTAGGTGGAACCT-1",1.36363636363636
"ACTAGGTGGAACTC-1",1.70068027210884
"ACTATCACCTTGGA-1",3.076171875
"ACTATCACTGCCAA-1",1.66516651665167
"ACTCAGGACTGAAC-1",0.555812876331635
"ACTCAGGATCTATC-1",1.49812734082397
"ACTCAGGATTCGTT-1",1.98216055500496
"ACTCCTCTCAACTG-1",2.08205756276791
"ACTCGCACGAAAGT-1",1.64654226125137
"ACTCGCACTACGAC-1",1.12179487179487
"ACTCTCCTGACACT-1",2.9126213592233
"ACTCTCCTGCATAC-1",1.74358974358974
"ACTCTCCTGTTTGG-1",1.92657215557979
"ACTGAGACAACCAC-1",3.55303810504634
"ACTGAGACCCATAG-1",1.78964757709251
"ACTGAGACGTTGGT-1",1.75482577086989
"ACTGCCACACACGT-1",1.60377358490566
"ACTGCCACTCCGTC-1",4.08750719631549
"ACTGGCCTTCAGTG-1",2.05314009661836
"ACTGTGGACGTGTA-1",2.10493245366007
"ACTGTGGATCTAGG-1",2.29024943310658
"ACTGTTACCCACAA-1",3.25138778747026
"ACTGTTACTGCAGT-1",2.291917973462
"ACTTAAGAACCACA-1",2.26480836236934
"ACTTAAGACCACAA-1",5.84255842558426
"ACTTAAGATTACTC-1",2.87132222616094
"ACTTAGCTGCGTAT-1",1.5625
"ACTTAGCTGGGAGT-1",0.919632147141144
"ACTTCAACAAGCAA-1",3.0834564254062
"ACTTCAACGTAGGG-1",1.11464968152866
"ACTTCCCTTTCCGC-1",1.3030888030888
"ACTTCTGACATGCA-1",4.35045317220544
"ACTTGACTCCACAA-1",1.60481444332999
"ACTTGGGAGAAAGT-1",2.8981507038366
"ACTTGGGAGGTTTG-1",1.7639902676399
"ACTTGGGATGTGAC-1",0.126422250316056
"ACTTGGGATTGACG-1",2.34877734877735
"ACTTGTACCCGAAT-1",5.6
"ACTTGTACCTGTCC-1",1.21951219512195
"ACTTTGTGCGATAC-1",8
"ACTTTGTGGAAAGT-1",1.1402027027027
"ACTTTGTGGATAGA-1",1.39993636652879
"AGAAACGAAAGTAG-1",2.87114845938375
"AGAAAGTGCGCAAT-1",2.0191989407481
"AGAAAGTGGGGATG-1",1.62767039674466
"AGAACAGAAATGCC-1",1.70303352847259
"AGAACAGACGACTA-1",2.55102040816327
"AGAACAGAGACAAA-1",1.73217854763491
"AGAACGCTTTGCTT-1",2.1566401816118
"AGAAGATGTGACTG-1",0.999444752915047
"AGAATGGAAGAAGT-1",1.02389078498294
"AGAATTTGTAACCG-1",1.07460853546208
"AGAATTTGTAGAGA-1",4.13744740532959
"AGACACACTGTAGC-1",1.30220026942075
"AGACACTGTCAAGC-1",1.70190820010315
"AGACCTGAAGTAGA-1",2.04633204633205
"AGACCTGACCAACA-1",2.97161936560935
"AGACCTGAGGAAGC-1",1.87826086956522
"AGACGTACAGAGGC-1",1.27853881278539
"AGACGTACCCCTAC-1",3.10026385224274
"AGACGTACCTCTTA-1",4.19556171983356
"AGACGTACTCGTGA-1",4.14808206958073
"AGACTGACCATCAG-1",3.43189017951426
"AGACTGACCCTTTA-1",2.71477663230241
"AGACTTCTCATGCA-1",2.84178187403994
"AGAGATGACAGTCA-1",3.21135175504108
"AGAGATGACTGAAC-1",2.38336713995943
"AGAGATGAGGTTTG-1",2.86686103012634
"AGAGATGATCTCGC-1",3.65093499554764
"AGAGATGATTGTGG-1",1.58254918733961
"AGAGCGGAGGCAAG-1",1.35859165709912
"AGAGGTCTACAGCT-1",2.6203307935328
"AGAGTCTGGTCGTA-1",3.55784291787872
"AGAGTGCTCAGCTA-1",1.91570881226054
"AGAGTGCTCGAATC-1",1.97706603400554
"AGAGTGCTGTCATG-1",1.50880134115675
"AGAGTGCTGTCCTC-1",2.11013896037056
"AGAGTGCTGTGTTG-1",3.24357405140759
"AGATATACCCGTAA-1",1.50575730735164
"AGATATACGATGAA-1",4.82180293501048
"AGATATACTGTTCT-1",1.18744698897371
"AGATATTGCCTACC-1",1.00292519849561
"AGATATTGGCCAAT-1",1.44856371225141
"AGATCGTGTCTGGA-1",1.17252931323283
"AGATCGTGTTTGTC-1",1.1963023382273
"AGATCTCTATCACG-1",2.7369826435247
"AGATTAACGTTCTT-1",2.32318017552917
"AGATTCCTATCGTG-1",0.840336134453782
"AGATTCCTCACTTT-1",2.72851296043656
"AGATTCCTGACGAG-1",2.59597806215722
"AGATTCCTGTTCAG-1",3.19654427645788
"AGCAAAGATATGCG-1",2.26151315789474
"AGCACAACAGTCTG-1",2.0935960591133
"AGCACTGAGGGAGT-1",0.916030534351145
"AGCACTGATATGCG-1",0.914235959947758
"AGCACTGATGCTTT-1",2.19460089337735
"AGCACTGATTGCGA-1",1.85528756957328
"AGCATCGAAGATCC-1",2.37543453070684
"AGCATCGAAGGGTG-1",1.65822201750345
"AGCATCGAGCTTCC-1",3.95195660596668
"AGCATCGAGTGAGG-1",1.7455521987244
"AGCATCGATAACCG-1",1.36690647482014
"AGCATGACGATGAA-1",2.08667736757624
"AGCCAATGGGGAGT-1",1.59914712153518
"AGCCAATGTATCTC-1",1.79663608562691
"AGCCACCTGGATCT-1",2.21886031265759
"AGCCGGTGCCAATG-1",1.07296137339056
"AGCCGGTGTGTTTC-1",1.45785876993166
"AGCCGTCTCAATCG-1",4.28228845495033
"AGCCGTCTGAGAGC-1",2.5974025974026
"AGCCTCACGTTCGA-1",1.66898470097357
"AGCCTCACTGTCAG-1",1.41342756183746
"AGCCTCTGCAGTTG-1",2.51188051595384
"AGCCTCTGCCAATG-1",1.66964818127609
"AGCGAACTGGATCT-1",2.67771756455212
"AGCGAACTTACTGG-1",1.41843971631206
"AGCGATACGGAGCA-1",1.95214105793451
"AGCGATTGAGATCC-1",2.18978102189781
"AGCGCCGAATCTCT-1",1.25097732603597
"AGCGCCGACAGAGG-1",1.64424514200299
"AGCGCTCTACCTTT-1",1.47142048670062
"AGCGGCACCGGGAA-1",1.61673799334284
"AGCGGCTGATGTGC-1",1.63283318623124
"AGCGGGCTTGCCAA-1",1.51582701738743
"AGCGTAACATGCTG-1",1.93974411886092
"AGCGTAACTGAGAA-1",1.98245043873903
"AGCTCGCTACTGGT-1",2.09651898734177
"AGCTCGCTCTGCTC-1",1.45903479236813
"AGCTGAACCATACG-1",3.76360808709176
"AGCTGAACCTCTCG-1",1.89736955584304
"AGCTGCCTTGGGAG-1",4.43587270973963
"AGCTGCCTTTCATC-1",2.95471987720645
"AGCTGCCTTTCTGT-1",2.06321334503951
"AGCTGTGATCCAAG-1",3.61757105943152
"AGCTTTACAAGTAG-1",1.63861824623561
"AGCTTTACACCAAC-1",3.125
"AGCTTTACTCTCAT-1",1.59781761496493
"AGGAAATGAGGAGC-1",0.69185737094199
"AGGAACCTCTTAGG-1",2.94117647058824
"AGGAACCTTGCCTC-1",1.87471422039323
"AGGAATGATAACGC-1",2.78481012658228
"AGGAATGATTTGTC-1",1.32375189107413
"AGGAGTCTGGTTTG-1",2.39425379090184
"AGGAGTCTTGTCAG-1",1.61861406170966
"AGGATAGACATTTC-1",1.11057460164172
"AGGATAGAGGATTC-1",1.07033639143731
"AGGATGCTACTAGC-1",1.16472545757072
"AGGATGCTTTAGGC-1",2.21270521056388
"AGGCAACTGAAGGC-1",2.78189910979228
"AGGCAGGAGTACCA-1",3.76744186046512
"AGGCCTCTAGTCGT-1",0.795053003533569
"AGGCCTCTCGGAGA-1",2.05192629815745
"AGGCCTCTCGTAAC-1",0.664451827242525
"AGGGACGACGTTGA-1",2.1551724137931
"AGGGACGAGTCAAC-1",1.53452685421995
"AGGGACGAGTTGTG-1",1.31099781500364
"AGGGACGATAGAGA-1",3.89761489237929
"AGGGACGATGCATG-1",1.06561974200785
"AGGGAGTGAGCCTA-1",0.802407221664995
"AGGGCCACCATACG-1",1.61211529066927
"AGGGCGCTAACCAC-1",2.44519392917369
"AGGGCGCTATGGTC-1",4.47482908638906
"AGGGTGGACAGTCA-1",2.46747420367878
"AGGGTGGACTCAAG-1",2.12355212355212
"AGGGTGGAGTTGCA-1",1.82060390763766
"AGGGTTTGTTCATC-1",2.17391304347826
"AGGTCATGAGTGTC-1",3.24324324324324
"AGGTCATGCTTATC-1",2.01765447667087
"AGGTCTGATTCTCA-1",2.08791208791209
"AGGTGGGAAGAATG-1",1.4756517461879
"AGGTGGGAAGTTCG-1",1.37484836231298
"AGGTGTTGGTTACG-1",1.29186602870813
"AGGTTCGAACCTCC-1",1.85735512630015
"AGGTTCGAACGTAC-1",1.44472361809045
"AGGTTCGAGGGTGA-1",2.33968804159445
"AGTAAGGAGTTTGG-1",1.6597510373444
"AGTAAGGATTCTTG-1",0.967853439336329
"AGTAATACATCACG-1",2.34844347351174
"AGTAATACCGAACT-1",2.50809061488673
"AGTAATTGTCCCAC-1",1.47991543340381
"AGTACGTGAGGGTG-1",1.63453478625314
"AGTACGTGCTGCAA-1",1.26751167444963
"AGTACGTGCTTGGA-1",1.22751926919783
"AGTACTCTACGTGT-1",1.87149095446039
"AGTACTCTCAACCA-1",4.86976217440544
"AGTACTCTCGGTAT-1",1.55113911778963
"AGTAGGCTTGCCTC-1",2.78481012658228
"AGTATAACTTGTCT-1",3.21059721598563
"AGTATCCTAGAACA-1",0.87719298245614
"AGTCACGATGAGCT-1",1.45278450363196
"AGTCAGACGAATAG-1",1.66515289131093
"AGTCAGACGCTTAG-1",3.16518298714144
"AGTCAGACTAGAGA-1",1.90763052208835
"AGTCAGACTGCACA-1",1.48936170212766
"AGTCCAGATATCTC-1",1.94730813287514
"AGTCCAGATTTCAC-1",1.57517899761337
"AGTCGAACCAACCA-1",2.32858990944373
"AGTCGCCTCCGTAA-1",0.761990138951143
"AGTCTACTAGGGTG-1",0.92436974789916
"AGTCTACTTGCATG-1",3.32628340703711
"AGTCTTACACCACA-1",1.85873605947955
"AGTCTTACTTCGCC-1",3.57478833490122
"AGTCTTACTTCGGA-1",0.754147812971342
"AGTGACTGCAACTG-1",3.08773424190801
"AGTGTTCTAACCTG-1",0.944716585024493
"AGTGTTCTATAAGG-1",2.29357798165138
"AGTGTTCTCACTTT-1",1.22655122655123
"AGTTAAACCACTTT-1",2.71433300231711
"AGTTATGAACAGTC-1",1.62848468120342
"AGTTATGACTGAGT-1",0.574988021082894
"AGTTATGAGTTCAG-1",2.93501048218029
"AGTTCTACCAGCTA-1",2.45098039215686
"AGTTCTTGAAGCCT-1",2.8169014084507
"AGTTGTCTACTACG-1",1.94647201946472
"AGTTTAGATGGTCA-1",2.43727598566308
"AGTTTCACGGTCTA-1",1.15125049622866
"AGTTTGCTACAGTC-1",1.77033492822967
"AGTTTGCTACTGGT-1",3.35051546391753
"AGTTTGCTCCAAGT-1",0.536585365853659
"ATAAACACAGTGCT-1",1.84
"ATAAACACCACCAA-1",3.66815221117587
"ATAACAACATGCTG-1",3.04796055580457
"ATAACAACGTCTAG-1",2.87425149700599
"ATAACAACTTTGTC-1",2.33301374240972
"ATAACATGTACTCT-1",1.44144144144144
"ATAACCCTGTTGGT-1",3.05250305250305
"ATAACCCTTGGTAC-1",0.610790634543604
"ATAAGTACGAATGA-1",1.66666666666667
"ATAAGTTGGTACGT-1",2.43722304283604
"ATAAGTTGTCTAGG-1",3.46598202824133
"ATAATCGAGCTGAT-1",1.94945848375451
"ATAATCGATGGTTG-1",0.55366269165247
"ATAATGACCTACTT-1",1.22061482820976
"ATAATGACTCGTGA-1",2.55157437567861
"ATACAATGTTAGGC-1",1.67832167832168
"ATACCACTCGTACA-1",2.07397165572071
"ATACCACTCTAAGC-1",2.42013552758955
"ATACCACTGCCAAT-1",3.35655478150728
"ATACCGGAATGCTG-1",2.29483282674772
"ATACCGGACATTTC-1",1.89787618617262
"ATACCGGACTTCGC-1",2.22799851466766
"ATACCGGAGGTGTT-1",2.16063879755754
"ATACCGGATCTCGC-1",2.68878718535469
"ATACCTACGCATCA-1",2.02972091337441
"ATACCTTGGGGCAA-1",1.38737758433079
"ATACGGACAGACTC-1",4.10490307867731
"ATACGGACCTACTT-1",2.20729366602687
"ATACGGACGAGGTG-1",3.12757201646091
"ATACGGACTATGCG-1",2.17391304347826
"ATACGGACTCTGGA-1",3.47411444141689
"ATACGTCTTAACGC-1",4.5273631840796
"ATACTCTGCTTCGC-1",2.16953701632744
"ATACTCTGGTATGC-1",2.16316440049444
"ATAGATACCATGGT-1",1.8357044515833
"ATAGATACGACGAG-1",2.6861451460886
"ATAGATTGGTGTAC-1",2.00291332847779
"ATAGCCGAACGGAG-1",2.67430754536772
"ATAGCGTGCAGATC-1",1.06382978723404
"ATAGCGTGCCCTTG-1",1.13446780113447
"ATAGCGTGGTATCG-1",1.77902621722846
"ATAGCGTGTCTCTA-1",1.84859154929577
"ATAGCTCTCTGATG-1",2.92347377472055
"ATAGCTCTGAGGTG-1",2.12765957446809
"ATAGGAGAAACAGA-1",2.19532789192232
"ATAGGCTGTCAGAC-1",1.65822201750345
"ATAGTCCTAGTGTC-1",2.13345438039038
"ATAGTCCTTGCATG-1",0.778588807785888
"ATAGTCCTTGTCGA-1",1.12866817155756
"ATAGTTGACAACTG-1",1.60403299725023
"ATAGTTGACCCTCA-1",1.87265917602996
"ATAGTTGAGACGTT-1",3.00937345831278
"ATAGTTGATAAGCC-1",1.65775401069519
"ATATACGAAGCCAT-1",1.63672654690619
"ATATACGAATTGGC-1",1.32315521628499
"ATATAGTGGAATGA-1",2.92177191328935
"ATATGCCTAGATCC-1",2.04188481675393
"ATATGCCTGGACAG-1",2.16647662485747
"ATATGCCTTCTCTA-1",1.37614678899083
"ATATGCCTTGGTAC-1",1.73267326732673
"ATCAAATGAGCCTA-1",3.12377977352597
"ATCAAATGGGTAAA-1",2.2808267997149
"ATCAACCTAAACGA-1",0.833965125094769
"ATCAACCTGAGGAC-1",2.7260926006058
"ATCAACCTTCTCTA-1",2.99520766773163
"ATCAACCTTTGTCT-1",1.90587320108907
"ATCACACTTTGTCT-1",2.11019929660023
"ATCACGGATTGCTT-1",5.84615384615385
"ATCACGGATTTCGT-1",2.18120805369128
"ATCATCTGACACCA-1",0.679347826086957
"ATCATGCTAGAGTA-1",3.41981132075472
"ATCATGCTGAACCT-1",2.33881163084703
"ATCCAGGACGCTAA-1",1.2519978689398
"ATCCAGGATGGAAA-1",1.27058823529412
"ATCCATACTCCTTA-1",2.52774352651048
"ATCCATACTTCATC-1",2.37608584568217
"ATCCCGTGCAGTCA-1",1.95488721804511
"ATCCCGTGCATGCA-1",2.83870967741935
"ATCCCGTGGCTGAT-1",1.80974477958237
"ATCCGCACGCATCA-1",2.09312259718069
"ATCCTAACGACGGA-1",3.65990990990991
"ATCCTAACGCTACA-1",1.69738118331717
"ATCGACGAAACTGC-1",1.11951588502269
"ATCGACGAATGACC-1",3.66236484129752
"ATCGAGTGGACGTT-1",1.67342799188641
"ATCGCAGAATCTCT-1",2.55937283836754
"ATCGCAGAGTGTCA-1",1.47058823529412
"ATCGCCACTGAGGG-1",2.8452874925904
"ATCGCCTGGGTCAT-1",2.01809324982603
"ATCGCCTGTGGCAT-1",1.71957671957672
"ATCGCGCTCAGAGG-1",3.31341662140141
"ATCGCGCTGGGATG-1",1.46466495789088
"ATCGCGCTTTTCGT-1",2.58572231590781
"ATCGGAACCAGTCA-1",0.917431192660551
"ATCGGTGAGTCAAC-1",1.69761273209549
"ATCGGTGATTGCAG-1",2.89555325749741
"ATCGTTTGCCTACC-1",2.23398001175779
"ATCGTTTGGGTACT-1",3.28798185941043
"ATCGTTTGTGCCAA-1",1.89959294436906
"ATCTACACCCGCTT-1",1.72642762284197
"ATCTACACCGGGAA-1",0.73469387755102
"ATCTCAACAGGAGC-1",2.2466039707419
"ATCTCAACCTCGAA-1",0
"ATCTCAACCTTGTT-1",2.10772833723653
"ATCTGGGAAACCAC-1",2.06782464846981
"ATCTGGGAAGTGTC-1",1.72711571675302
"ATCTGGGATTCCGC-1",2.63537906137184
"ATCTGTTGAACGGG-1",1.60242529233434
"ATCTGTTGACCTCC-1",1.40169679085208
"ATCTGTTGCCTTCG-1",1.80873580912065
"ATCTGTTGGTTGCA-1",1.30584192439863
"ATCTTGACACCAAC-1",1.03626943005181
"ATCTTGACCTCCCA-1",3.14510364546104
"ATCTTTCTGCATCA-1",1.48571428571429
"ATCTTTCTGTTTCT-1",1.01522842639594
"ATCTTTCTTGTCCC-1",3.50601779173208
"ATGAAACTCTGTGA-1",1.12324492979719
"ATGAAACTGAGGCA-1",2.23123732251521
"ATGAAGGAACAGCT-1",1.83175033921303
"ATGAAGGACCTGTC-1",3.76160234489497
"ATGAAGGACCTTAT-1",2.44470314318976
"ATGAAGGACTAGTG-1",1.96629213483146
"ATGAAGGACTTGCC-1",1.50083379655364
"ATGACGTGACGACT-1",1.16959064327485
"ATGACGTGATCGGT-1",3.61578802097709
"ATGAGAGAAAGTGA-1",0.729419937478291
"ATGAGAGAACGCAT-1",1.10732538330494
"ATGAGAGAAGTAGA-1",3.36507936507937
"ATGAGCACACAGCT-1",1.92137156370086
"ATGAGCACATCTTC-1",1.19322555812163
"ATGATAACTTCACT-1",1.05124835742444
"ATGATATGAAACAG-1",1.58504369030685
"ATGATATGACTGGT-1",2.09312259718069
"ATGATATGAGCACT-1",1.23400365630713
"ATGATATGGTCATG-1",1.69683257918552
"ATGATATGGTGCTA-1",2.73556231003039
"ATGATATGTTGTCT-1",2.70812437311936
"ATGCACGAATGTCG-1",3.18840579710145
"ATGCACGACTGTAG-1",1.6926201760325
"ATGCACGAGAACCT-1",1.3348588863463
"ATGCACGAGTTCGA-1",1.98019801980198
"ATGCACGATTGGTG-1",1.9365471775855
"ATGCAGTGTTACCT-1",2.07885304659498
"ATGCAGTGTTCTAC-1",3.13304721030043
"ATGCCAGAACGACT-1",1.98431010613752
"ATGCCAGACAGTCA-1",2.87226001511716
"ATGCCGCTTGAACC-1",2.72357723577236
"ATGCGATGCTATGG-1",3.33778371161549
"ATGCGATGCTGAGT-1",1.53603781016148
"ATGCGATGGTTACG-1",1.34589502018843
"ATGCGCCTTCATTC-1",2.63571990558615
"ATGCTTTGCGAATC-1",2.94236195082628
"ATGCTTTGGGCGAA-1",2.31053604436229
"ATGCTTTGTAGTCG-1",1.60714285714286
"ATGGACACATCGGT-1",1.52005174644243
"ATGGACACGCATCA-1",2.73170731707317
"ATGGGTACAACCTG-1",2.82317979197623
"ATGGGTACATCGGT-1",1.65509877202349
"ATGGGTACTATTCC-1",0.891662951404369
"ATGGGTACTGGGAG-1",1.5459723352319
"ATGTAAACACCTCC-1",1.76334106728538
"ATGTAAACCCGCTT-1",1.3531799729364
"ATGTAAACGGGATG-1",3.53535353535354
"ATGTAAACTCTCCG-1",2.62274443978179
"ATGTAAACTTCACT-1",2.44082840236686
"ATGTACCTCAGTCA-1",2.45783132530121
"ATGTACCTTAGTCG-1",0.406687754179846
"ATGTACCTTTATCC-1",2.60586319218241
"ATGTACCTTTCACT-1",1.62698412698413
"ATGTCACTAATGCC-1",1.96795052010121
"ATGTCACTCTGCTC-1",3.44827586206897
"ATGTCGGAGGTGAG-1",1.86125211505922
"ATGTTCACAGTCTG-1",1.98226395409494
"ATGTTCACCGTAGT-1",2.85016286644951
"ATGTTGCTTTCAGG-1",1.43992055610725
"ATTAACGATGAGAA-1",4.10534469403563
"ATTAACGATGCAAC-1",1.23456790123457
"ATTAAGACTGCAGT-1",1.7538644470868
"ATTACCTGCCTTAT-1",1.55631013016412
"ATTACCTGGAGGAC-1",0.986364955033362
"ATTACCTGGGCATT-1",5.12820512820513
"ATTAGATGTTTCAC-1",1.45631067961165
"ATTATGGAATCTCT-1",0.915080527086384
"ATTCAAGAACGGGA-1",2.16819973718791
"ATTCAAGACCTTTA-1",2.12873796249366
"ATTCAGCTCATTGG-1",2.94759825327511
"ATTCCAACCATTGG-1",3.17899101589496
"ATTCCAACTTAGGC-1",2.32189973614776
"ATTCGACTCACTAG-1",1.46809712027103
"ATTCGACTGAATAG-1",1.84197770237518
"ATTCGACTTTTGTC-1",2.41009946442234
"ATTCGGGAAAGGCG-1",2.00066688896299
"ATTCGGGATTAGGC-1",0.707692307692308
"ATTCTTCTGATACC-1",2.03370133643231
"ATTGAATGGACGGA-1",2.6160889470242
"ATTGATGAAGGTTC-1",2.47440273037543
"ATTGATGACTGAGT-1",1.39835066332019
"ATTGATGAGCGAAG-1",1.57205240174673
"ATTGATGATCTATC-1",2.27070347284061
"ATTGCACTGACGGA-1",2.15615811826201
"ATTGCACTGAGAGC-1",1.72006745362563
"ATTGCACTGGAGCA-1",2.59099321406539
"ATTGCACTTAGCCA-1",0.878293601003764
"ATTGCACTTGCTTT-1",2.20949263502455
"ATTGCTTGTTACTC-1",1.88756668034469
"ATTGGTCTGACTAC-1",2.27363382528919
"ATTGGTCTTGTCTT-1",1.32978723404255
"ATTGTAGATTCCCG-1",2.31077147016012
"ATTGTAGATTGCAG-1",2.78099652375435
"ATTGTCTGCGTACA-1",1.8990073370738
"ATTTAGGAACCATG-1",2.85361986964946
"ATTTAGGACAGAGG-1",1.06863953966297
"ATTTCCGAGATGAA-1",4.53616673477728
"ATTTCCGAGTGCTA-1",2.98898793917147
"ATTTCGTGTATGGC-1",2.09447415329768
"ATTTCTCTACTTTC-1",2.86885245901639
"ATTTCTCTAGCAAA-1",1.3530135301353
"ATTTCTCTCACTTT-1",2.04778156996587
"ATTTCTCTTCCCAC-1",1.36847440446021
"ATTTGCACAAGATG-1",4.19672131147541
"CAAAGCACAGCTCA-1",1.33779264214047
"CAAAGCACCGTAAC-1",1.79180887372014
"CAAAGCACGGTAAA-1",1.40449438202247
"CAAAGCTGAAAGTG-1",3.16045380875203
"CAAAGCTGTTGCTT-1",2.37520128824477
"CAAATATGTGACAC-1",2.36809306190278
"CAAATTGAGGGCAA-1",1.96177062374245
"CAAATTGATGGAGG-1",3.90532544378698
"CAACCAGAAAAGTG-1",2.50671441360788
"CAACCAGAAGTGCT-1",2.56469500924214
"CAACCAGAGTTCAG-1",2.88665254237288
"CAACCAGATAGAAG-1",1.8970189701897
"CAACCGCTGTTCAG-1",3.5678391959799
"CAACCGCTTTGAGC-1",2.39234449760766
"CAACGATGCGCAAT-1",2.05888864290458
"CAACGTGACTCCAC-1",2.93724966622163
"CAACGTGAGCCATA-1",1.25974805038992
"CAACGTGATCAAGC-1",2.19873150105708
"CAAGAAGACCACAA-1",3.61565131253096
"CAAGAAGACGTCTC-1",2.38026957269859
"CAAGAAGATTCTAC-1",1.28663330950679
"CAAGACTGACCTGA-1",1.91731575793889
"CAAGACTGAGTAGA-1",1.80007659900421
"CAAGCTGACCATAG-1",2.86396181384248
"CAAGCTGATCTATC-1",0.867789688616641
"CAAGGACTGTTCAG-1",2.36497283477149
"CAAGGACTTCTTTG-1",3.49526066350711
"CAAGGTTGCTCCAC-1",1.743264659271
"CAAGGTTGTCATTC-1",3.2725321888412
"CAAGGTTGTCTGGA-1",1.91176470588235
"CAAGTCGAAACAGA-1",4.75152571926765
"CAAGTCGATAGCGT-1",3.36622170632618
"CAATAAACGCCATA-1",3.49819059107358
"CAATAATGAACTGC-1",3.10834813499112
"CAATATGACATGGT-1",2.7114967462039
"CAATATGACCTTCG-1",1.81043663471778
"CAATATGACGTTAG-1",3.25443786982249
"CAATATGAGGAGCA-1",1.28458498023715
"CAATCGGAGAAACA-1",1.14111829593001
"CAATCTACTGACTG-1",1.93148688046647
"CAATTCACCCAACA-1",3.03523035230352
"CAATTCACGATAGA-1",1.57384987893462
"CAATTCACTTGTGG-1",1.74418604651163
"CAATTCTGCTTGTT-1",2.30538922155689
"CAATTCTGGCGTAT-1",3.74109263657957
"CACAACGATACGAC-1",2.87141073657928
"CACAATCTTGTTCT-1",1.9404915912031
"CACAATCTTTCCAT-1",2.54479356011426
"CACACCTGCTTGAG-1",1.00376411543287
"CACACCTGTATGGC-1",4.74666666666667
"CACAGAACCCTTGC-1",3.02429350520575
"CACAGAACCTGATG-1",3.87733521325344
"CACAGATGGGATTC-1",1.98203778259523
"CACAGATGGTTTCT-1",1.53256704980843
"CACAGCCTGATACC-1",2.54506892895016
"CACAGCCTTGCCAA-1",2.92321116928447
"CACAGCCTTGTAGC-1",1.44927536231884
"CACAGTGATGAAGA-1",2.75290215588723
"CACATACTACAGCT-1",1.5658747300216
"CACATGGAACACGT-1",1.24957784532253
"CACATGGAAGTCGT-1",2.44897959183673
"CACCACTGCCAACA-1",2.08056662239929
"CACCACTGGCGAAG-1",1.44339197113216
"CACCCATGTTCTGT-1",4.45632798573975
"CACCGGGAATCGAC-1",1.11149704758597
"CACCGGGACGAGAG-1",2.04870506378044
"CACCGGGACGTGTA-1",1.80878552971576
"CACCGGGACTTCTA-1",4.09778812572759
"CACCGGGACTTGCC-1",4.96651785714286
"CACCGGGATTCGGA-1",3.60824742268041
"CACCGTACTAAGGA-1",2.47584541062802
"CACCGTACTAGCGT-1",2.10022107590273
"CACCTGACACCCAA-1",1.83938986092418
"CACCTGACCAGAAA-1",2.18417945690673
"CACCTGACCTCAAG-1",2.12545360290306
"CACCTGACGAAAGT-1",1.32890365448505
"CACCTGACTCGTAG-1",2.64400377714825
"CACGAAACTTCCGC-1",1.70616113744076
"CACGACCTCGATAC-1",2.15175537938845
"CACGCTACAGAAGT-1",3.22108345534407
"CACGCTACTGTTCT-1",2.34968901174845
"CACGCTACTTGACG-1",6.20567375886525
"CACGGGACAGAGTA-1",2.25893459204316
"CACGGGACATAAGG-1",1.58119658119658
"CACGGGACGTAGGG-1",0.678989060731799
"CACGGGTGCTTCGC-1",1.22973728339855
"CACGGGTGGAGGAC-1",2.44514106583072
"CACGGGTGTGTTTC-1",1.00334448160535
"CACTAACTCCTAAG-1",1.80798004987531
"CACTAACTGAAAGT-1",1.14135206321334
"CACTAGGATGATGC-1",2.05086136177194
"CACTATACCCCGTT-1",1.44137125048695
"CACTATACGTTTGG-1",2.77324632952692
"CACTGAGACAGTCA-1",3.85674931129477
"CACTGCACTTCATC-1",2.45430809399478
"CACTGCTGAGACTC-1",2.32632249840663
"CACTGCTGGAAAGT-1",1.86675249436756
"CACTTAACCGAATC-1",4.84014209591474
"CACTTAACCGTACA-1",2.69559500328731
"CACTTTGACTCTAT-1",2.19213410702772
"CACTTTGAGCTGTA-1",1.49625935162095
"CAGAAGCTCTCAAG-1",1.77619893428064
"CAGACATGAACGGG-1",1.28921357971637
"CAGACATGTCGACA-1",1.90703218116806
"CAGACCCTAAGGTA-1",2.97790585975024
"CAGACCCTAATGCC-1",4.8886948930598
"CAGACCCTAGGAGC-1",2.17231222385862
"CAGACTGAGTATGC-1",2.02877167097012
"CAGATCGAATGTCG-1",4.3815609310817
"CAGATCGACCTGAA-1",3.47826086956522
"CAGATCGATATGGC-1",0.981932443047918
"CAGATGACATTCTC-1",2.64058679706601
"CAGCAATGCCTTCG-1",1.48263753413968
"CAGCAATGGAGGGT-1",1.82783018867925
"CAGCAATGGTGCTA-1",1.57342657342657
"CAGCAATGTCTACT-1",2.65598650927487
"CAGCAATGTGACCA-1",1.15183246073298
"CAGCAATGTGAGGG-1",2.41860465116279
"CAGCACCTAAGCCT-1",2.38095238095238
"CAGCACCTAGGCGA-1",2.34968901174845
"CAGCACCTGTAGGG-1",2.91989664082687
"CAGCATGACAACCA-1",3.17065589058129
"CAGCATGAGACGTT-1",4.08352668213457
"CAGCCTACCCAACA-1",0.892538379150304
"CAGCCTTGCTACCC-1",2.60727865290603
"CAGCCTTGGGGACA-1",0.978179082016554
"CAGCGGACACCCTC-1",2.33545647558386
"CAGCGGACCTTTAC-1",2.58823529411765
"CAGCGTCTAAAGCA-1",2.59562841530055
"CAGCGTCTTATCGG-1",3.87198735677598
"CAGCTAGATGTGAC-1",4.20634920634921
"CAGCTCTGAGGCGA-1",1.12302194997448
"CAGCTCTGCAAGCT-1",1.14649681528662
"CAGCTCTGTCGTAG-1",2.27203877612845
"CAGCTCTGTGTGGT-1",1.84928340268146
"CAGGAACTAACTGC-1",2.40731824747232
"CAGGAACTCTCAGA-1",1.59817351598174
"CAGGCCGAACACCA-1",2.11659858893427
"CAGGCCGAACACGT-1",1.09777891243298
"CAGGCCGAACGACT-1",2.7661357921207
"CAGGCCGAATCTCT-1",1.26893164142448
"CAGGCCGACTAGCA-1",2.43174061433447
"CAGGGCACCATACG-1",2.80941533788914
"CAGGGCACCCAACA-1",2.27678571428571
"CAGGGCACTCCCGT-1",1.22110771914522
"CAGGTAACAGACTC-1",2.10441116956698
"CAGGTATGAGTCGT-1",1.3608634443923
"CAGGTATGTGCTTT-1",1.84569952011812
"CAGGTTGAGGATCT-1",2.69629259767819
"CAGTGATGGACGGA-1",1.24264224983649
"CAGTGATGGCTAAC-1",3.03421562298257
"CAGTGATGGGACAG-1",2.63630916716597
"CAGTGATGTAAGGA-1",1.71881886293521
"CAGTGATGTACGCA-1",3.15893385982231
"CAGTGTGAACACGT-1",6.59340659340659
"CAGTGTGATGTCAG-1",1.46412884333821
"CAGTTACTAAGGTA-1",2.80210157618214
"CAGTTACTGATAGA-1",1.55322064869804
"CAGTTGGAAAGAGT-1",1.60065111231687
"CAGTTGGACATACG-1",1.8018018018018
"CAGTTTACACACGT-1",1.31012539771664
"CAGTTTACCCCAAA-1",2.01030927835052
"CATAAAACGGAGCA-1",3.36027222458528
"CATAAATGAACTGC-1",2.71449345613185
"CATAACCTTCTCCG-1",1.078079059131
"CATACTACCTCGAA-1",1.7454954954955
"CATACTACCTGAAC-1",0.699588477366255
"CATACTACGTACCA-1",0.988875154511743
"CATACTTGGGTTAC-1",2.35802985907632
"CATAGTCTAATCGC-1",1.82255845942228
"CATAGTCTCACTTT-1",3.65313653136531
"CATATAGACTAAGC-1",1.64102564102564
"CATATAGATCAGGT-1",2.45857830037413
"CATCAACTAGAAGT-1",1.89517323067812
"CATCAACTCCCTCA-1",0.735294117647059
"CATCAGGACTTCCG-1",2.55402750491159
"CATCAGGATAGCCA-1",1.86666666666667
"CATCAGGATCCTAT-1",2.42378337436092
"CATCAGGATGCACA-1",2.96367112810707
"CATCAGGATTTCGT-1",4.14285714285714
"CATCATACCGCATA-1",1.63636363636364
"CATCATACGGAGCA-1",3.23014804845222
"CATCATACTCAAGC-1",1.58859470468432
"CATCGCTGGGATCT-1",1.96358443413067
"CATCGCTGTGGCAT-1",1.12187659357471
"CATCGGCTATGCTG-1",1.08630054315027
"CATCGGCTTTGGCA-1",2.28091236494598
"CATCTCCTATGTGC-1",2.63812842210055
"CATCTCCTCGAACT-1",2.4232633279483
"CATGAGACACGGGA-1",3.7483266398929
"CATGAGACGTTGAC-1",3.46985210466439
"CATGAGACTCGCCT-1",0.432900432900433
"CATGCCACGGGTGA-1",3.7603305785124
"CATGCCACTGCCAA-1",2.54590984974958
"CATGCGCTAGTCAC-1",2.39520958083832
"CATGCGCTCAGATC-1",2.82238442822384
"CATGCGCTTTGCAG-1",1.79540709812109
"CATGGCCTAGGGTG-1",2.5260029717682
"CATGGCCTGTGCAT-1",2.25669957686883
"CATGTACTATCGTG-1",1.97897340754484
"CATGTTACAGTCGT-1",1.92131747483989
"CATGTTACCTGAGT-1",1.77147918511958
"CATGTTTGGGGATG-1",2.09758321933425
"CATTACACACGGAG-1",3.98648648648649
"CATTACACCAACTG-1",3.47899872719559
"CATTACACGGAGTG-1",1.51320851500385
"CATTACACTACTCT-1",1.8860188601886
"CATTAGCTCCACAA-1",3.68993135011442
"CATTGACTAGCGGA-1",2.82279142707789
"CATTGGGACTCGAA-1",3.15186246418338
"CATTGTACAGCGTT-1",2.24215246636771
"CATTGTACTCGATG-1",1.61637931034483
"CATTGTACTTATCC-1",2.90841584158416
"CATTGTACTTTGCT-1",2.97760838494521
"CATTGTTGCTAGTG-1",1.47465437788018
"CATTTCGACTCTAT-1",2.90502793296089
"CATTTCGAGATACC-1",1.09186746987952
"CATTTGACCACACA-1",2.9080118694362
"CATTTGACCCTGAA-1",1.38888888888889
"CATTTGTGACGACT-1",1.71149144254279
"CATTTGTGCATTGG-1",2.31586940015186
"CATTTGTGCGGAGA-1",3.76740376740377
"CATTTGTGGGATCT-1",1.6260162601626
"CCAAAGTGCTACGA-1",2.61780104712042
"CCAAAGTGTGAGAA-1",2.09324452901998
"CCAACCTGAAGTAG-1",0.748013090229079
"CCAACCTGACGTAC-1",1.8426103646833
"CCAACCTGTTCGCC-1",1.8997197134849
"CCAAGAACCCAATG-1",1.66666666666667
"CCAAGAACGTAGCT-1",1.26934984520124
"CCAAGAACGTGTCA-1",1.2881064834693
"CCAAGAACTACTGG-1",2.32294617563739
"CCAAGAACTCCTAT-1",0.715990453460621
"CCAAGATGTCATTC-1",0.99241097489784
"CCAAGATGTTTCAC-1",1.95891065456283
"CCAAGTGAGGAACG-1",2.46256239600666
"CCAAGTGATCAAGC-1",1.7336776097381
"CCAATGGAACAGCT-1",5.34834623504574
"CCAATTTGAACGTC-1",1.04829651815799
"CCACCATGAACGTC-1",1.92131747483989
"CCACCATGATCGGT-1",1.48356054530874
"CCACCATGGACGAG-1",2.74115923833438
"CCACCATGGGGAGT-1",1.171875
"CCACCATGTCCTGC-1",1.71455050973123
"CCACTGACCCGCTT-1",1.84331797235023
"CCACTGTGGGAAGC-1",4.27745664739884
"CCACTGTGTGTAGC-1",2.68980477223427
"CCACTTCTCGGGAA-1",3.63636363636364
"CCAGAAACCCTGTC-1",1.16666666666667
"CCAGAAACGAACTC-1",1.39103554868624
"CCAGAAACGGTCTA-1",1.18279569892473
"CCAGACCTCTGAGT-1",2.39294710327456
"CCAGACCTTGTGGT-1",2.05620287868403
"CCAGCACTGCGATT-1",2.42172211350294
"CCAGCGGAAAGGCG-1",2.2264631043257
"CCAGCGGACGACTA-1",2.07823960880196
"CCAGCGGATGGGAG-1",1.11905502020516
"CCAGCTACACAGTC-1",1.59271899886234
"CCAGCTACCAGCTA-1",1.91082802547771
"CCAGGTCTACACCA-1",2.92611558156547
"CCAGGTCTAGCATC-1",1.71935662784248
"CCAGGTCTATGGTC-1",1.86226282501757
"CCAGTCACACTGGT-1",3.69230769230769
"CCAGTCACACTGTG-1",1.3060760931289
"CCAGTCACGTTGTG-1",1.16171003717472
"CCAGTCTGCGGAGA-1",1.79542293589581
"CCAGTGCTAACCAC-1",1.50044130626655
"CCAGTGCTCGTAGT-1",2.14676034348166
"CCATCCGAAAGCAA-1",3.66449511400651
"CCATCCGAACGACT-1",2.58342303552207
"CCATCCGAAGGTTC-1",1.27353266888151
"CCATCCGATTCGCC-1",3.12024353120244
"CCATCGTGAACGGG-1",1.67724388032638
"CCATCGTGCTAGAC-1",2.18835482610395
"CCCAACACCTCGCT-1",1.64163464896961
"CCCAACACGCATCA-1",1.40909090909091
"CCCAACACTTTGTC-1",2.06455364931666
"CCCAACTGCAATCG-1",1.64126611957796
"CCCAGACTGCCTTC-1",1.95624737063525
"CCCAGACTGGTTTG-1",1.52582159624413
"CCCAGACTTTCGCC-1",2.60770975056689
"CCCAGTTGCAGTTG-1",1.87353629976581
"CCCAGTTGGGTACT-1",2.5626423690205
"CCCAGTTGTCTATC-1",1.66320166320166
"CCCGATTGTGTTTC-1",3.21444297666226
"CCCGGAGAAGGGTG-1",1.66830225711482
"CCCTACGAATTGGC-1",1.34048257372654
"CCCTAGTGCAAAGA-1",2.12418300653595
"CCCTCAGACACTTT-1",1.73913043478261
"CCCTCAGACGAGAG-1",1.74358974358974
"CCCTCAGAGGTCAT-1",1.63366336633663
"CCCTGAACTAAAGG-1",1.96078431372549
"CCCTGATGCAACCA-1",1.75017158544955
"CCCTGATGCAAGCT-1",1.89599133261105
"CCCTTACTAACCAC-1",2.52880022478224
"CCCTTACTGCAGTT-1",1.84994861253854
"CCGAAAACCTTGTT-1",2.56609642301711
"CCGACACTGGTTTG-1",1.68471720818291
"CCGACTACCCAGTA-1",2.1370207416719
"CCGACTACCGTGTA-1",1.92439862542955
"CCGACTACTGAGGG-1",1.72995780590717
"CCGATAGACCTAAG-1",2.50611246943765
"CCGATAGAGTTGGT-1",2.06220419202164
"CCGCGAGACACACA-1",3.41555977229602
"CCGCGAGAGGTTCA-1",1.98473282442748
"CCGCTATGGGACGA-1",2.50375563345018
"CCGCTATGTGCAAC-1",2.41775663892192
"CCGCTATGTGCACA-1",2.17238962859145
"CCGGTACTGTCCTC-1",2.40480961923848
"CCGTACACAAGCAA-1",1.54816513761468
"CCGTACACAGCGTT-1",1.2954658694569
"CCGTACACGTCATG-1",2.9383429672447
"CCGTACACGTTGGT-1",2.18380345768881
"CCGTACACTAACGC-1",3.91964723174914
"CCTAAACTTTCGTT-1",0.935772011909826
"CCTAAGGACCCAAA-1",1.7535314174379
"CCTAAGGACTAGCA-1",3.69881109643329
"CCTAAGGAGGGCAA-1",2.51256281407035
"CCTAAGGATGATGC-1",1.27135478744537
"CCTAAGGATGTCAG-1",1.73490631505899
"CCTACCGACTCTTA-1",1.58478605388273
"CCTACCGAGGGATG-1",1.66453265044814
"CCTAGAGAGGTGAG-1",1.44196106705119
"CCTATAACCAAAGA-1",2.34375
"CCTATAACGAGACG-1",2.39202657807309
"CCTATAACTCAGAC-1",1.24013528748591
"CCTATAACTGCATG-1",2.0918070889018
"CCTCGAACACTTTC-1",1.94647201946472
"CCTCGAACCCGTAA-1",2.18446601941748
"CCTCGAACGTATCG-1",2.5974025974026
"CCTCGAACTTACTC-1",1.97926484448633
"CCTCTACTCTTCGC-1",2.26254480286738
"CCTCTACTGGCATT-1",1.5179392824287
"CCTGACTGAAGTAG-1",3.24400564174894
"CCTGACTGGGGAGT-1",1.37686860739575
"CCTGACTGTGTCTT-1",3.89369592088999
"CCTGCAACACGTTG-1",2.29335881509795
"CCTGGACTCGTGAT-1",1.40428677014043
"CCTTAATGCCCAAA-1",1.99784017278618
"CCTTAATGTTCTAC-1",3.7839248434238
"CCTTCACTACGACT-1",1.38376383763838
"CCTTCACTCAGTCA-1",2.82087447108604
"CCTTCACTGGAGTG-1",2.05314009661836
"CCTTTAGATTCATC-1",2.19686162624822
"CGAACATGCCCTAC-1",2.5
"CGAACATGTCAGAC-1",1.44796380090498
"CGAAGACTGGAACG-1",2.78460278460278
"CGAAGACTGTTACG-1",2.82420749279539
"CGAAGGGAAACCTG-1",1.20705663881151
"CGAAGGGATCCGAA-1",1.9629225736096
"CGAAGTACCAACTG-1",2.49679897567222
"CGAATCGAGGAGCA-1",3.27022375215146
"CGAATCGAGGAGGT-1",1.91082802547771
"CGACAAACCCATAG-1",1.60278745644599
"CGACAAACCGACAT-1",1.2881679389313
"CGACCACTAAAGTG-1",2.01758923952406
"CGACCACTGCCAAT-1",2.97458085451595
"CGACCGGAAGGTCT-1",2.01686835350202
"CGACCGGATGGAAA-1",2.37388724035608
"CGACCTTGCTAGTG-1",0.910470409711684
"CGACCTTGGCAAGG-1",10.1734104046243
"CGACGTCTATCGTG-1",2.35063663075416
"CGACGTCTCGTGTA-1",2.25294418842806
"CGACGTCTGAGGCA-1",1.32575757575758
"CGACTCACGTCGTA-1",2.31588698471515
"CGACTCACGTTGCA-1",3.11070448307411
"CGACTCTGTGTGAC-1",1.50159744408946
"CGACTGCTTCCTCG-1",1.59124813525609
"CGAGAACTAAGGCG-1",2.6673640167364
"CGAGAACTACGTTG-1",2.82301845819761
"CGAGAACTTGTTCT-1",1.49136577708006
"CGAGATTGGACACT-1",1.49330587023687
"CGAGATTGGCCATA-1",2.68714011516315
"CGAGCCGAACACCA-1",3.10272536687631
"CGAGCCGACGACAT-1",6.57311669128508
"CGAGCCGAGGCGAA-1",3.2719836400818
"CGAGCGTGCTCCAC-1",2.09217707701637
"CGAGCGTGGATACC-1",1.42899672521584
"CGAGCGTGTATGCG-1",3.66252452583388
"CGAGGAGACCTCCA-1",2.28758169934641
"CGAGGAGATGTCGA-1",3.37711069418387
"CGAGGCACCTATGG-1",1.87531677648251
"CGAGGCACTATGCG-1",2.89820359281437
"CGAGGCACTCTTCA-1",1.91570881226054
"CGAGGCTGACGCTA-1",1.96936542669584
"CGAGGCTGGCAGTT-1",2.21314266258086
"CGAGGGCTACGACT-1",2.10589651022864
"CGAGGGCTCGAATC-1",2.87610619469027
"CGAGTATGTCACCC-1",3.35643925574608
"CGATACGAACAGTC-1",1.80802103879027
"CGATACGACAGGAG-1",2.21660220172568
"CGATACGATTCACT-1",1.43564356435644
"CGATAGACCCGTAA-1",3.68550368550369
"CGATAGACCGTACA-1",0.76555023923445
"CGATAGACGTAGGG-1",3.00710770913067
"CGATAGACTGTTCT-1",2.3094688221709
"CGATCAGAAGAACA-1",2.18380345768881
"CGATCAGAGAGGGT-1",2.02131569276001
"CGATCAGAGGTACT-1",1.14808328468574
"CGATCAGATGTGAC-1",0.984365952518819
"CGATCCACCGGGAA-1",2.22910216718266
"CGATCCACTTCCAT-1",2.03045685279188
"CGCAAATGCTCGAA-1",4.648862512364
"CGCAACCTCCTTGC-1",1.51515151515152
"CGCAACCTGGACGA-1",1.9819043515726
"CGCACGGAGGACGA-1",2.47651579846285
"CGCACGGATCTTTG-1",3.21243523316062
"CGCACTACAGAATG-1",1.23390557939914
"CGCACTACAGCCAT-1",1.03703703703704
"CGCACTACATTGGC-1",1.81107954545455
"CGCACTACTCGCCT-1",2.02966432474629
"CGCACTACTCGTGA-1",2.36600676001931
"CGCACTTGTCACGA-1",1.75097276264591
"CGCAGGACAGATCC-1",3.39059674502712
"CGCAGGACCTACTT-1",1.87441424554827
"CGCAGGACTTGTCT-1",2.20844633862844
"CGCAGGTGCACTGA-1",2.9807342784442
"CGCAGGTGCCATAG-1",2.94390356977283
"CGCAGGTGGGAACG-1",2.81195079086116
"CGCATAGATCACGA-1",1.15303983228512
"CGCCATACTGCAAC-1",1.53801508995937
"CGCCATTGAGAGGC-1",2.20774520448788
"CGCCATTGCTATGG-1",1.78571428571429
"CGCCATTGGAGACG-1",1.66156536947967
"CGCCATTGGAGCAG-1",4.60168233547749
"CGCCATTGTACTGG-1",1.90023752969121
"CGCCGAGAGCTTAG-1",1.61211529066927
"CGCCTAACGAATGA-1",1.82727865999565
"CGCCTAACTGCTCC-1",1.57638291774147
"CGCGAGACACAGCT-1",3.25022261798753
"CGCGAGACAGGTCT-1",3.15357931251971
"CGCGAGACGCTACA-1",1.67682926829268
"CGCGATCTCAGTCA-1",1.33176654915785
"CGCGATCTGTTGAC-1",2.60787102892366
"CGCGATCTTTCTTG-1",2.33918128654971
"CGCGGATGGCCAAT-1",1.28261831048209
"CGCTAAGAATGTCG-1",0.554938956714761
"CGCTAAGACAACTG-1",2.09310718152292
"CGCTAAGACCCTTG-1",2.02290076335878
"CGCTACTGAACAGA-1",2.81135049921177
"CGCTACTGAGAACA-1",1.01626016260163
"CGCTACTGTGAGCT-1",0.831168831168831
"CGCTACTGTTCCCG-1",3.14787701317716
"CGCTCATGCATTTC-1",2.24795640326975
"CGGAATTGCACTAG-1",5.88235294117647
"CGGAATTGGTTTGG-1",2.26793248945148
"CGGAATTGTGGAGG-1",0.712435233160622
"CGGACCGATGCGTA-1",1.30861504907306
"CGGACCGATGGGAG-1",2.63959390862944
"CGGACTCTAAACAG-1",1.99034981905911
"CGGACTCTCCAATG-1",2.20110055027514
"CGGACTCTCCTCGT-1",1.81526962092899
"CGGAGGCTATTCCT-1",4.83490566037736
"CGGAGGCTTGGATC-1",1.19971771347918
"CGGATAACAACGAA-1",1.00970873786408
"CGGATAACAGCTCA-1",1.31795716639209
"CGGATAACTCAGTG-1",2.39833159541189
"CGGCACGAACTCAG-1",3.65638766519824
"CGGCACGAAGGGTG-1",3.03652031185884
"CGGCACGACTACGA-1",3.48960169192809
"CGGCATCTTAGAAG-1",2.32088799192735
"CGGCATCTTCGTAG-1",1.99395770392749
"CGGCCAGAAAGGTA-1",2.40847784200385
"CGGCCAGAGAGGCA-1",2.32558139534884
"CGGCGAACCAGTCA-1",2.09883103081828
"CGGCGAACGACAAA-1",0.882167611846251
"CGGCGAACGGTCTA-1",1.56124899919936
"CGGCGAACTACTTC-1",2.02429149797571
"CGGGACTGCGTGTA-1",2.50292397660819
"CGGGACTGGAATAG-1",3.37972166998012
"CGGGCATGACCCAA-1",4.66019417475728
"CGGGCATGTCTCTA-1",2.06005586592179
"CGGGCATGTTGTGG-1",1.63934426229508
"CGGTAAACTCGCAA-1",1.36855506047104
"CGGTCACTGTTTGG-1",1.82413470533209
"CGGTCACTTACTTC-1",1.32429935324915
"CGTAACGAATCAGC-1",5.33223954060705
"CGTAACGATCGCCT-1",1.55288602402578
"CGTACCACACACAC-1",1.72744721689059
"CGTACCACACGTTG-1",1.48354195642095
"CGTACCACCTCATT-1",2.22502099076406
"CGTACCACGCTACA-1",6.83856502242153
"CGTACCACGGAGCA-1",1.96998123827392
"CGTACCTGGACGAG-1",22.5690276110444
"CGTACCTGGCATCA-1",2.50809061488673
"CGTAGCCTCTCTCG-1",2.03463203463203
"CGTAGCCTGCGAAG-1",1.2042818911686
"CGTAGCCTGTATGC-1",4.11781527023163
"CGTCAAGAAAGGTA-1",2.43024302430243
"CGTCAAGAACGTGT-1",1.56305506216696
"CGTCAAGACAGAGG-1",1.92867540029112
"CGTCAAGACAGGAG-1",1.98889916743756
"CGTCCATGCTCTTA-1",1.31099781500364
"CGTCGACTTTCCGC-1",1.64533820840951
"CGTGATGACGCTAA-1",1.87018701870187
"CGTGATGAGGTTCA-1",3.20549513451631
"CGTGCACTTATGGC-1",1.53244212585589
"CGTGTAGAAAAACG-1",2.17069560927479
"CGTGTAGACGATAC-1",1.45454545454545
"CGTGTAGAGTTACG-1",1.78399228543877
"CGTGTAGAGTTCAG-1",1.74695606140815
"CGTGTAGATTCGGA-1",1.61290322580645
"CGTTAGGAAACCAC-1",2.00892857142857
"CGTTAGGATCATTC-1",1.22549019607843
"CGTTATACCCTGAA-1",3.26906957250629
"CGTTTAACTGGTCA-1",1.40946873870618
"CTAAACCTCTGACA-1",3.63349131121643
"CTAAACCTGTGCAT-1",1.4308426073132
"CTAACACTAACGTC-1",3.76266280752533
"CTAACACTAGTGCT-1",2.29299363057325
"CTAACGGAACCGAT-1",1.55232849273911
"CTAACGGATTTCTG-1",1.3741134751773
"CTAACTACGGCAAG-1",1.24416796267496
"CTAAGGACACCATG-1",2.67104029990628
"CTAAGGACCGTTAG-1",1.75054704595186
"CTAAGGACGCCATA-1",1.98054204308548
"CTAAGGTGCCTAAG-1",1.8001800180018
"CTAAGGTGTTGCAG-1",3.82144064930673
"CTAAGGTGTTTCTG-1",0.89197224975223
"CTAATAGAGCTATG-1",0.166666666666667
"CTAATGCTTGTGGT-1",2.85437832607644
"CTACAACTCCCGTT-1",2.0510483135825
"CTACCTCTCAACCA-1",0.814402057436777
"CTACGCACACCTAG-1",2.50673854447439
"CTACGCACTCTCCG-1",1.32726583238529
"CTACGCACTGGTCA-1",2.06645056726094
"CTACGGCTTTCTTG-1",1.66197903349527
"CTACTATGAACCAC-1",2.41834170854271
"CTACTATGATGTGC-1",2.34657039711191
"CTACTATGCTAAGC-1",2.40384615384615
"CTACTATGTAAAGG-1",2.53164556962025
"CTACTCCTATGTCG-1",1.83402109124255
"CTACTCCTGCCATA-1",3.7542662116041
"CTAGAGACACTTTC-1",1.90684588934042
"CTAGAGACAGCATC-1",0.815956482320943
"CTAGAGACTTTGGG-1",3.35448776065277
"CTAGATCTCTCTAT-1",1.81119648737651
"CTAGATCTTCGACA-1",1.42140468227425
"CTAGGATGAGCCTA-1",1.56809272200443
"CTAGGATGATCGTG-1",1.71375636868921
"CTAGGCCTCTCAGA-1",0.2002002002002
"CTAGGTGATGGTTG-1",1.9360786724032
"CTAGTTACCAGAGG-1",1.93430656934307
"CTAGTTACCGCATA-1",2.20619431480696
"CTAGTTACGAAACA-1",2.271714922049
"CTAGTTTGAGTACC-1",5.62148657089319
"CTATAAGATCGTTT-1",1.06110501280644
"CTATACTGAGGTTC-1",0.409836065573771
"CTATACTGCCAGTA-1",2.11817168338907
"CTATACTGCGCTAA-1",1.61637931034483
"CTATACTGCTACGA-1",1.87881634570221
"CTATACTGTCTCAT-1",4.00225479143179
"CTATACTGTTCGTT-1",1.23949579831933
"CTATAGCTGTCACA-1",1.97833254828073
"CTATAGCTTCGCTC-1",2.7537372147915
"CTATAGCTTGCCTC-1",3.40272217774219
"CTATCAACGAACTC-1",2.14285714285714
"CTATCAACGCAGAG-1",2.24683544303797
"CTATCAACTTTGGG-1",3.36093521675597
"CTATCCCTCCACCT-1",2.20994475138122
"CTATGTACGAGAGC-1",1.17684478371501
"CTATGTACGCTTAG-1",1.93050193050193
"CTATGTACTGTTTC-1",1.20232172470978
"CTATGTTGAAAGCA-1",1.95830701200253
"CTATGTTGTCCTCG-1",1.40672782874618
"CTATGTTGTCTCGC-1",2.43343830518179
"CTATTGACAAACGA-1",4.26687354538402
"CTATTGACACTGGT-1",2.21163661109221
"CTATTGACGGTGAG-1",1.61330980589866
"CTATTGTGGCAAGG-1",3.61383582860093
"CTCAATTGGTTCAG-1",1.36012364760433
"CTCAATTGGTTGCA-1",3.14630309386471
"CTCAGAGATAGAAG-1",1.364522417154
"CTCAGCACTCTAGG-1",2.00597524541187
"CTCAGCACTGAACC-1",1.47697654213727
"CTCAGCACTTGCAG-1",1.55913978494624
"CTCAGCTGAACCTG-1",2.56235052955244
"CTCAGCTGCAGTTG-1",2.47757368645878
"CTCAGCTGTTTCTG-1",5.16962843295638
"CTCAGGCTCGTTGA-1",2.46557085739671
"CTCAGGCTGCTAAC-1",1.67084377610693
"CTCATTGACCTTAT-1",0.676764421527554
"CTCATTGATGCTTT-1",2.1290751829674
"CTCATTGATTGCTT-1",20.1013513513514
"CTCCACGAGAGATA-1",2.0289229440967
"CTCCATCTCTTAGG-1",1.18652112007594
"CTCCATCTGACGAG-1",1.52460152460152
"CTCCGAACAAGTGA-1",2.2550225502255
"CTCCTACTGCCTTC-1",3.71517027863777
"CTCGAAGATGTGGT-1",2.30430362588953
"CTCGAAGATTAGGC-1",0.969237252423093
"CTCGACTGCTCTAT-1",1.0498687664042
"CTCGACTGGGTGAG-1",1.73267326732673
"CTCGACTGGTTGAC-1",2.26519337016575
"CTCGAGCTCTGGAT-1",0.950734658599827
"CTCGCATGACTTTC-1",4.2958129418162
"CTCGCATGCTTAGG-1",3.56489945155393
"CTCTAAACCTCGAA-1",1.05680317040951
"CTCTAAACGGCGAA-1",1.74912543728136
"CTCTAATGTCCAAG-1",2.9940119760479
"CTGAACGACAGTCA-1",0.879765395894428
"CTGAACGATGAGGG-1",2.34222511385817
"CTGAAGACCCAACA-1",2.68895348837209
"CTGAAGACGTGCAT-1",2.56521739130435
"CTGAAGTGAAGCCT-1",2.997542997543
"CTGAAGTGCAGCTA-1",1.34189031505251
"CTGAAGTGGCTATG-1",0.847008999470619
"CTGAAGTGTCCAGA-1",0.606244316459533
"CTGAATCTGAATAG-1",1.87932739861523
"CTGACAGAATCGTG-1",1.03780578206079
"CTGACCACAGCAAA-1",0.80742834073476
"CTGAGAACCGGGAA-1",2.06896551724138
"CTGAGAACGTAAAG-1",1.76304654442877
"CTGATACTAGTAGA-1",1.61579892280072
"CTGATTTGGTGTTG-1",1.16978609625668
"CTGCAGCTAACCGT-1",3.40314136125654
"CTGCAGCTGACACT-1",0.709448564979039
"CTGCAGCTGGATTC-1",1.55824882512985
"CTGCAGCTTGGCAT-1",2.30769230769231
"CTGCCAACAGGAGC-1",2.97514875743787
"CTGCCAACCAGCTA-1",1.2675418741512
"CTGCCAACTAACCG-1",2.03359858532272
"CTGCCAACTGCTCC-1",2.72873194221509
"CTGCCAACTTGCAG-1",3.24232081911263
"CTGCCAACTTGCTT-1",2.27761065749893
"CTGCGACTCCACCT-1",3.49344978165939
"CTGGAAACAAACGA-1",2.87283481199831
"CTGGAAACATCGAC-1",1.39470013947001
"CTGGATGACTGGAT-1",2.79960707269155
"CTGGATGACTTGTT-1",4.12371134020619
"CTGGATGATGTGAC-1",1.61290322580645
"CTGGCACTCAAGCT-1",1.95083886071011
"CTGGCACTGGACAG-1",6.17760617760618
"CTGTAACTAACCAC-1",2.95612009237875
"CTGTAACTAGCGTT-1",0.958627648839556
"CTGTATACGTAAAG-1",2.04290091930541
"CTGTATACGTACGT-1",3.45714285714286
"CTGTATACGTTGGT-1",0.875752599890531
"CTGTGAGACAACCA-1",2.29176934450468
"CTGTGAGACCTTGC-1",4.21686746987952
"CTGTGAGACGAACT-1",1.36144049187527
"CTGTGAGACTGTAG-1",2.36559139784946
"CTTAAAGAACCTGA-1",1.56726164562473
"CTTAACACCTGTAG-1",1.69245647969052
"CTTAACACGAGCTT-1",5.32710280373832
"CTTAACACTATCGG-1",2.2883295194508
"CTTAAGCTACCTAG-1",2.07627118644068
"CTTAAGCTAGTACC-1",1.73913043478261
"CTTAAGCTCATCAG-1",3.06451612903226
"CTTAAGCTCCGCTT-1",2.99325463743676
"CTTAAGCTTCCTCG-1",5.22041763341067
"CTTACAACTAACGC-1",1.73141891891892
"CTTACAACTCCCGT-1",1.1968085106383
"CTTACTGACGTACA-1",2.20786214324179
"CTTAGACTAAACGA-1",1.29382303839733
"CTTAGGGACTTGCC-1",0.669120107059217
"CTTAGGGAGAATCC-1",2.32273838630807
"CTTATCGACTCATT-1",1.93285859613428
"CTTCACCTACCTGA-1",2.3936170212766
"CTTCATGAAGCATC-1",1.76440062272963
"CTTCATGAAGTACC-1",1.8910741301059
"CTTCATGACCGAAT-1",3.52941176470588
"CTTGAACTACGCAT-1",1.63697640828117
"CTTGATTGAGGTTC-1",1.69576059850374
"CTTGATTGATCTTC-1",2.53104106972302
"CTTGATTGCATTCT-1",2.94764628244611
"CTTGATTGTTTCGT-1",1.11317254174397
"CTTGTATGACACCA-1",1.28712871287129
"CTTGTATGCGCAAT-1",1.93236714975845
"CTTTACGAGCGAAG-1",4.04585300067431
"CTTTAGACCGTGAT-1",2.52156602521566
"CTTTAGACGAGACG-1",2.08888888888889
"CTTTAGACGATACC-1",1.1609287429944
"CTTTAGACGTTGGT-1",3.30606680299932
"CTTTAGACTCATTC-1",3.22709163346614
"CTTTAGTGACGGGA-1",2.03252032520325
"CTTTAGTGGGTGGA-1",1.57766990291262
"CTTTCAGAGAAACA-1",1.36381869233855
"CTTTGATGAGCACT-1",1.38682516097078
"CTTTGATGTCTAGG-1",2.94573643410853
"CTTTGATGTGTCCC-1",2.39884393063584
"CTTTGATGTGTGGT-1",1.64658634538153
"GAAACAGAACTACG-1",1.37895812053115
"GAAACAGAATCACG-1",2.02020202020202
"GAAACAGACATTCT-1",1.5552099533437
"GAAACCTGATCGTG-1",1.36710896662646
"GAAACCTGATGCCA-1",2.21757322175732
"GAAACCTGCTTATC-1",1.01816180517336
"GAAACCTGGACTAC-1",2.59106271122794
"GAAACCTGTGCTAG-1",1.68311085316309
"GAAAGATGATTTCC-1",1.23950419832067
"GAAAGATGCTGATG-1",2.32508532423208
"GAAAGATGCTTCGC-1",0.993520518358531
"GAAAGATGTAAGGA-1",4.15384615384615
"GAAAGATGTTTGCT-1",5.65453137103021
"GAAAGCCTACGTTG-1",1.84049079754601
"GAAAGTGAAAGTGA-1",2.59109311740891
"GAAAGTGACCACAA-1",2.64290104486785
"GAAAGTGACTCAAG-1",2.53126861226921
"GAAATACTACCAAC-1",1.60427807486631
"GAAATACTCTTAGG-1",2.35640648011782
"GAAATACTTCCTCG-1",1.67158308751229
"GAACACACGTGCAT-1",2.43073706220596
"GAACACACTGCCTC-1",4.06278855032318
"GAACAGCTAACTGC-1",2.33193660047367
"GAACAGCTCTCAGA-1",2.95308406763515
"GAACCAACCACAAC-1",1.5063731170336
"GAACCAACTTCCGC-1",2.05351586807716
"GAACCTGAACGTGT-1",3.19730753050063
"GAACCTGAGAGACG-1",0.803212851405622
"GAACCTGATGAACC-1",1.28964796096201
"GAACGGGATACTTC-1",1.4756517461879
"GAACGTTGACGGAG-1",5.38079470198675
"GAACTGTGACCTGA-1",2.01342281879195
"GAACTGTGCCAGTA-1",1.81372549019608
"GAAGAATGCAATCG-1",2.2498803255146
"GAAGCGGACCTATT-1",2.29655516724913
"GAAGCTACGAATGA-1",2.18642117376295
"GAAGCTACGGTTTG-1",1.81508791832104
"GAAGGGTGAAAGTG-1",0.809061488673139
"GAAGGGTGCTTAGG-1",2.41743275451141
"GAAGGTCTGAAAGT-1",0.9657594381036
"GAAGGTCTGTTGCA-1",1.27725856697819
"GAAGGTCTTAAAGG-1",1.68529359588434
"GAAGTAGACTCCCA-1",2.35168359166221
"GAAGTAGATCCAAG-1",2.65179677819083
"GAAGTCACCCTCGT-1",1.56502968159741
"GAAGTCACCCTGTC-1",2.37974683544304
"GAAGTCTGTCGCAA-1",2.1021021021021
"GAAGTCTGTTCTGT-1",2.49776984834969
"GAAGTGCTAAACGA-1",2.93791574279379
"GAAGTGCTCCGCTT-1",2.79913872654568
"GAAGTGCTTAACCG-1",2.2815158546017
"GAATGCACCCTAAG-1",1.68094924192485
"GAATGCACCTTCGC-1",2.02224469160768
"GAATGCTGCGGTAT-1",3.89256520046711
"GAATGGCTAAGATG-1",9.18918918918919
"GAATTAACGATAAG-1",1.26463700234192
"GAATTAACGGTCAT-1",1.72684458398744
"GAATTAACGTCGTA-1",1.51630022744503
"GAATTAACTGAAGA-1",2.09677419354839
"GACAACACAGGCGA-1",1.5916149068323
"GACAACACATCGTG-1",2.19907407407407
"GACAACACTCGCCT-1",1.57091561938959
"GACAACTGAGGTTC-1",1.99920031987205
"GACAGGGAAGAGTA-1",2.86077558804832
"GACAGGGAATGCCA-1",1.18063754427391
"GACAGTACGAGCTT-1",2.43457090687766
"GACAGTACTTCGGA-1",4.7949162333911
"GACAGTTGAGTAGA-1",1.57708400386225
"GACATTCTCCACCT-1",2.50363430786626
"GACCAAACGACTAC-1",3.91964723174914
"GACCAAACGTATCG-1",2.96229802513465
"GACCATGACTCTCG-1",7.27630285152409
"GACCCTACTAAAGG-1",1.4735432016075
"GACCTAGACCTCAC-1",4.92778249787596
"GACCTAGACGAGAG-1",4.32265534542648
"GACCTCACAAGGTA-1",1.59165751920966
"GACCTCACGTACGT-1",2.2766078542971
"GACCTCTGCATCAG-1",2.19232685600399
"GACGAACTCCCACT-1",1.46052031036057
"GACGATTGCCAATG-1",1.52155536770921
"GACGCCGACCTTCG-1",1.73623937938677
"GACGCTCTCTCTCG-1",3.2258064516129
"GACGGCACACGGGA-1",1
"GACGGCACGAGATA-1",2.22081218274112
"GACGTAACCTATGG-1",1.39765554553652
"GACGTAACCTGTGA-1",1.66666666666667
"GACGTAACTATGGC-1",1.77183711532484
"GACGTATGTTGACG-1",0.901607212857703
"GACGTATGTTTGCT-1",1.12079701120797
"GACGTCCTACGGAG-1",1.66441745389114
"GACGTCCTCTCAAG-1",2.65450020738283
"GACGTCCTGATAAG-1",1.59645232815965
"GACTACGATGGTCA-1",1.70940170940171
"GACTCCTGCTCGCT-1",3.43901128425578
"GACTCCTGGGTTAC-1",2.56894597657726
"GACTCCTGTTATCC-1",2.32558139534884
"GACTCCTGTTGGTG-1",2.06185567010309
"GACTGAACAACCGT-1",5.7315233785822
"GACTGAACCAATCG-1",1.13191118850675
"GACTGATGTGATGC-1",1.36003022289384
"GACTTTACATGCCA-1",0.929292929292929
"GACTTTACGACAGG-1",1.55670867309118
"GAGAAATGTTCTCA-1",3.21167883211679
"GAGATAGAAAAAGC-1",1.655130905808
"GAGATCACGACAAA-1",2.01638311279143
"GAGATGCTCTGGAT-1",2.79652844744455
"GAGATGCTGAATGA-1",1.77580466148724
"GAGCAGGATTCCCG-1",1.74050632911392
"GAGCATACTTTGCT-1",1.67389030040353
"GAGCGCACGCGTAT-1",2.76211950394589
"GAGCGCACGGTGAG-1",4.64895635673624
"GAGCGCTGAAGATG-1",2.88343558282209
"GAGCGCTGTCTTAC-1",1.46612740141557
"GAGCGGCTGGGAGT-1",2.43581303489138
"GAGGACGACTCAGA-1",1.28095644748079
"GAGGATCTGAAAGT-1",0.418994413407821
"GAGGCAGACTTGCC-1",1.20697362539115
"GAGGGAACACCAGT-1",0.596658711217184
"GAGGGAACGAGGGT-1",2.3535851122058
"GAGGGATGGGAAAT-1",2.00534759358289
"GAGGGCCTTCACCC-1",2.7027027027027
"GAGGGTGAAGAGTA-1",1.53964588144727
"GAGGTACTACGGTT-1",3.03772660460559
"GAGGTACTACTCAG-1",2.02122283981809
"GAGGTACTGACACT-1",1.35275754422477
"GAGGTACTGGGAGT-1",0.832702498107494
"GAGGTACTTAGCGT-1",2.83604135893648
"GAGGTGGAGTACGT-1",4.09511228533686
"GAGGTGGATCCTCG-1",1.96177062374245
"GAGGTTACTCGTTT-1",1.25233146815881
"GAGGTTTGTAAGCC-1",3.3625730994152
"GAGTCAACCATTCT-1",1.78372352285396
"GAGTCAACGGGAGT-1",1.9047619047619
"GAGTCTGATCGTGA-1",1.27713920817369
"GAGTCTGATTTGGG-1",2.07774798927614
"GAGTGACTCAGCTA-1",1.63024627124523
"GAGTGACTCGGTAT-1",1.51237396883593
"GAGTGACTCTTGCC-1",1.52755046372068
"GAGTGACTGACTAC-1",4.07023144453312
"GAGTGACTGTCTAG-1",1.95712954333644
"GAGTGGGAGTCTTT-1",2.53164556962025
"GAGTGGGATGCCCT-1",2.06227254346947
"GAGTGGGATGCTGA-1",1.937207748831
"GAGTGTTGCTGTAG-1",2.08034433285509
"GAGTGTTGTGGTCA-1",1.61527165932452
"GAGTTGTGCATGGT-1",2.74566473988439
"GAGTTGTGCTGAGT-1",2.3
"GAGTTGTGGCGAGA-1",1.22549019607843
"GAGTTGTGGTAGCT-1",0.914760914760915
"GAGTTGTGTATGCG-1",2.53892215568862
"GATAAGGAGAAACA-1",3.07557117750439
"GATAAGGATTCACT-1",2.78108859753675
"GATACTCTATCGGT-1",1.66595472020504
"GATACTCTTACTTC-1",2.8829454671761
"GATACTCTTGACTG-1",2.61437908496732
"GATAGAGAAGGGTG-1",3.10227823557925
"GATAGAGACTGTGA-1",0.959111559818274
"GATAGAGATCACGA-1",1.42450142450142
"GATAGCACCCATAG-1",2.08649468892261
"GATAGCACGAAGGC-1",1.95700110253583
"GATAGCACTTGTCT-1",2.04012240734444
"GATATAACAAGGTA-1",1.5779702970297
"GATATAACACGCAT-1",0.712377560106857
"GATATATGCTGGAT-1",2.24887556221889
"GATATATGTCCGTC-1",1.48433205057724
"GATATATGTGGAGG-1",2.51789027299231
"GATATCCTAGAAGT-1",1.30378096479791
"GATATCCTCCCGTT-1",1.30841121495327
"GATATTGACAGGAG-1",3.63112391930836
"GATATTGACGAGTT-1",1.36085280108868
"GATATTGAGCCAAT-1",1.48698884758364
"GATCCCTGACCTTT-1",1.08450067781292
"GATCCCTGTGTAGC-1",1.46425495262705
"GATCCGCTGGTCAT-1",1.72863666014351
"GATCGAACCGAGAG-1",2.48528449967299
"GATCGATGACTAGC-1",0.880281690140845
"GATCGATGGTAAAG-1",1.86335403726708
"GATCGATGTAAGGA-1",1.2779552715655
"GATCGTGACACTAG-1",1.73410404624277
"GATCGTGATTCACT-1",1.06382978723404
"GATCTACTGGTGAG-1",2.69445856634469
"GATCTACTTTGCAG-1",1.16995073891626
"GATCTTACACCCAA-1",2.57760532150776
"GATCTTACCCTACC-1",2.42683797287652
"GATCTTACGAATAG-1",2.07657365347177
"GATCTTACGAGATA-1",2.6854802002731
"GATGCAACTCCAGA-1",0.884955752212389
"GATGCCCTACGTAC-1",2.52849002849003
"GATGCCCTCTCATT-1",1.37385512073272
"GATGCCCTGGCAAG-1",1.00043497172684
"GATGCCCTTTTGCT-1",3.61366622864652
"GATTACCTTGTTCT-1",1.98541329011345
"GATTCGGAACGACT-1",2.47807853602745
"GATTCGGACAGGAG-1",1.63706025774991
"GATTCGGAGAAGGC-1",2.36718965042664
"GATTCTTGATTCGG-1",1.5994668443852
"GATTCTTGCCGATA-1",2.03720106288751
"GATTCTTGCGAGTT-1",2.71493212669683
"GATTGGACCCGTTC-1",1.2987012987013
"GATTGGACGGTGTT-1",3.18362706083002
"GATTGGACTTTCGT-1",2.02205882352941
"GATTGGTGTGTCAG-1",1.17465224111283
"GATTTAGACACTCC-1",3.15610585093469
"GATTTAGACTAAGC-1",1.38326585695007
"GATTTAGATTCGTT-1",1.51057401812689
"GATTTGCTAACGAA-1",1.80878552971576
"GATTTGCTAACGGG-1",1.15774240231548
"GCAACCCTCCTCGT-1",1.61290322580645
"GCAACTGATTGCGA-1",2.64002854084909
"GCAAGACTACTGGT-1",0.621976503109883
"GCAAGACTAGGTCT-1",2.8297581013236
"GCAAGACTCCCTTG-1",2.07330618289522
"GCAATCGACTGCAA-1",3.54095563139932
"GCAATCGAGACGTT-1",3.05284761416111
"GCAATCGATCCTTA-1",2.16180805764821
"GCAATTCTCGTGTA-1",1.89043209876543
"GCAATTCTTCTCCG-1",1.80926096289482
"GCACAAACAATGCC-1",3.47334410339257
"GCACAAACGGTACT-1",1.13114174620007
"GCACAATGGTGCAT-1",1.18773946360153
"GCACACCTGTGCTA-1",2.18340611353712
"GCACCACTCATGAC-1",1.59296896457017
"GCACCACTGTTTGG-1",1.54639175257732
"GCACCACTTCCTTA-1",2.9305912596401
"GCACCACTTTCGGA-1",1.75600739371534
"GCACCTACGCGATT-1",1.10044486068836
"GCACCTTGGCTGTA-1",1.36908157444381
"GCACCTTGGGGAGT-1",1.95239368815191
"GCACGGACCAGCTA-1",1.64089618176081
"GCACGGTGACCTCC-1",1.19416187527643
"GCACGGTGCTATGG-1",2.57815017724782
"GCACTAGAACGGGA-1",2.52910477719791
"GCACTAGAAGATGA-1",2.45954692556634
"GCACTAGACCTTTA-1",2.39933811362383
"GCACTAGACGTAAC-1",1.8842530282638
"GCACTAGAGTCGTA-1",2.35634559735428
"GCACTAGATGCAAC-1",1.38888888888889
"GCACTGCTGAGGCA-1",1.84384903486027
"GCAGATACAGCGTT-1",3.72848948374761
"GCAGATACGACGGA-1",1.61676646706587
"GCAGATACGCAGAG-1",2.19626168224299
"GCAGCCGACAGTCA-1",2.80158206987475
"GCAGCGTGCACTCC-1",1.26196692776327
"GCAGCTCTCAATCG-1",1.18406889128095
"GCAGCTCTGTTTCT-1",1.18764845605701
"GCAGGGCTAAGAAC-1",1.95417789757412
"GCAGGGCTAAGGGC-1",1.57103825136612
"GCAGGGCTATCGAC-1",2.32323232323232
"GCAGGGCTTGGGAG-1",4.92251595259799
"GCAGTCCTAACTGC-1",2.13573801613669
"GCAGTCCTCTCTTA-1",2.02185792349727
"GCATCAGATGCGTA-1",3.85930630190523
"GCATGTGACAAGCT-1",2.23804679552391
"GCATTGGAGAAGGC-1",1.20560443141088
"GCCAAAACGAGGCA-1",4.45615716339243
"GCCAAATGATCGAC-1",1.97505197505198
"GCCAACCTACGGTT-1",2.19523587108828
"GCCAACCTCGCCTT-1",1.1864406779661
"GCCACGGAGGCGAA-1",1.75087543771886
"GCCACGGATACTGG-1",2.11882010801828
"GCCACTACCTACTT-1",5.35714285714286
"GCCACTACGTCTTT-1",2.24236641221374
"GCCCAACTACCGAT-1",1.55339805825243
"GCCCAACTATGGTC-1",1.85690879300928
"GCCCATACAGCGTT-1",0.408788962698007
"GCCGACGAACTCTT-1",2.08053691275168
"GCCGAGTGCGTTGA-1",3.04075235109718
"GCCGGAACGAACTC-1",2.1505376344086
"GCCGGAACGTTCTT-1",2.65654648956357
"GCCGGAACTGCACA-1",4.90257699560025
"GCCGGAACTTACTC-1",1.08964834076275
"GCCGTACTACCTGA-1",3.49867139061116
"GCCGTACTGGCAAG-1",3.65566037735849
"GCCTACACAGTTCG-1",1.50778210116732
"GCCTACACCACTGA-1",2.10164310278945
"GCCTACACCTTGAG-1",0.852272727272727
"GCCTAGCTACGGAG-1",0.984365952518819
"GCCTAGCTCTATTC-1",1.65425971877585
"GCCTAGCTTCTCAT-1",2.1355617455896
"GCCTAGCTTCTCTA-1",3.31475506013494
"GCCTCAACCATGGT-1",1.11452728670254
"GCCTCAACTCTTTG-1",1.12021401103494
"GCCTCATGTCTTAC-1",3.03727565577543
"GCCTGACTCTCAAG-1",1.44927536231884
"GCGAAGGAACTCTT-1",2.32558139534884
"GCGAAGGAGAGCTT-1",3.37712895377129
"GCGAAGGATGCCAA-1",1.98863636363636
"GCGAGAGAGGGACA-1",1.16959064327485
"GCGAGCACTGTCGA-1",1.96399345335516
"GCGAGCACTTGACG-1",2.4989039894783
"GCGAGCACTTGCTT-1",3.05343511450382
"GCGATATGGTACGT-1",1.01449275362319
"GCGATATGGTGTTG-1",2.44040862656073
"GCGCACGAAGTCGT-1",2.78514588859416
"GCGCACGACTTTAC-1",1.54211150652432
"GCGCATCTAGGTCT-1",1.36200716845878
"GCGCATCTGGTTAC-1",2.86510147234381
"GCGCATCTTCGATG-1",1.6557734204793
"GCGCATCTTGCTCC-1",2.10526315789474
"GCGCATCTTTCTAC-1",1.75508575987236
"GCGCGAACGTTCTT-1",1.38637733574442
"GCGCGATGAACGGG-1",0.987841945288754
"GCGCGATGGTGCAT-1",3.28682170542636
"GCGGAGCTCCTGAA-1",1.53767298821117
"GCGGCAACCCGATA-1",1.05440742302826
"GCGGCAACGGAGGT-1",2.88097043214556
"GCGGCAACTGTCGA-1",4.72103004291846
"GCGTAAACACGGTT-1",2.14382174206617
"GCGTAATGCACCAA-1",2.74905422446406
"GCGTATGAACACCA-1",2.30046948356808
"GCGTATGATGAGAA-1",0.988648846576346
"GCTACAGAAAGGTA-1",1.18367346938776
"GCTACAGAATCTTC-1",1.85185185185185
"GCTACAGATCTTAC-1",6.81818181818182
"GCTACCTGAGAAGT-1",4.49438202247191
"GCTACCTGATCACG-1",1.06088560885609
"GCTACGCTAGAATG-1",4.1974479516454
"GCTACGCTAGCTAC-1",3.83886255924171
"GCTACGCTCCCTAC-1",1.30576713819369
"GCTAGAACAGAGGC-1",1.65343915343915
"GCTAGAACGGATCT-1",2.18680504077094
"GCTAGAACTCCCGT-1",1.81488203266788
"GCTAGATGAGCTCA-1",3.38394793926247
"GCTAGATGGCGATT-1",2.83018867924528
"GCTATACTAAGGCG-1",1.49060272197019
"GCTATACTAGCGTT-1",3.90987408880053
"GCTATACTCTCTTA-1",1.97912918315941
"GCTATACTGGACGA-1",2.40878498051718
"GCTCAAGAACCATG-1",1.80115273775216
"GCTCAAGAAGTCAC-1",2.3609816713265
"GCTCAGCTGTCTAG-1",1.12960760998811
"GCTCCATGAGAAGT-1",1.40911225927666
"GCTCCATGCCGAAT-1",1.02406554019457
"GCTCGACTCTAGTG-1",2.75229357798165
"GCTGATGAGGTATC-1",2.62191924488726
"GCTTAACTACAGTC-1",2.94759825327511
"GCTTAACTACTGGT-1",2.17149220489978
"GCTTAACTGCTGAT-1",0.499040307101727
"GCTTAACTTAGACC-1",3.91459074733096
"GCTTAACTTCAGTG-1",1.62421557770395
"GGAACACTCACTTT-1",1.9280205655527
"GGAACACTTCAGAC-1",2.8892455858748
"GGAACTACTACTTC-1",2.60676650027732
"GGAACTTGAAGGTA-1",2.49130938586327
"GGAACTTGAGAATG-1",3.21599304650152
"GGAACTTGCTCCAC-1",1.78942987931752
"GGAACTTGGGTAGG-1",4.36781609195402
"GGAAGGACATCGGT-1",0.937950937950938
"GGAAGGACCACTAG-1",1.12085769980507
"GGAAGGACGAGGGT-1",3.36922542549496
"GGAAGGACGCGAAG-1",1.98339483394834
"GGAAGGTGGCGAGA-1",2.33128834355828
"GGAATCTGAAGGGC-1",2.13502596653203
"GGAATCTGAGGAGC-1",1.20068610634648
"GGAATCTGCTTAGG-1",2.31481481481481
"GGAATCTGCTTGTT-1",4.86857825567503
"GGAATCTGGGAGGT-1",0.78740157480315
"GGAATGCTTTCTAC-1",1.50976909413854
"GGACAGGAAAGGGC-1",3.82136279926335
"GGACAGGAGTGCTA-1",2.42094861660079
"GGACAGGATCTCGC-1",1.23287671232877
"GGACCCGAAGCTAC-1",1.62650602409639
"GGACCGTGCTTACT-1",1.09395109395109
"GGACCGTGGGAACG-1",2.80583613916947
"GGACCGTGTAACGC-1",2.26648351648352
"GGACCTCTGTAAGA-1",3.25542570951586
"GGACCTCTTTTCTG-1",3.06475531389026
"GGACGAGAGTGTCA-1",2.58064516129032
"GGACGCTGACGCAT-1",2.85620485883125
"GGACGCTGCTAGCA-1",1.98209718670077
"GGACGCTGTCCTCG-1",1.3734466971877
"GGAGAGACGTGAGG-1",1.60687593423019
"GGAGCAGATTCAGG-1",2.72108843537415
"GGAGCCACCTTCTA-1",1.58256195879367
"GGAGCGCTACGCAT-1",1.48777895855473
"GGAGCGCTCCGAAT-1",1.17175454825779
"GGAGGATGCCACCT-1",0.946372239747634
"GGAGGATGGTTGAC-1",2.01117318435754
"GGAGGATGTCAGTG-1",2.33947237431558
"GGAGGCCTCGTTGA-1",1.59711488923235
"GGAGGCCTTTCTTG-1",2.11882010801828
"GGAGGTGATACGCA-1",2.19260533104041
"GGAGGTGATCGCTC-1",1.93263390392049
"GGATACTGCAGCTA-1",1.73584905660377
"GGATACTGTCTAGG-1",1.3638039071139
"GGATAGCTCGTCTC-1",1.8348623853211
"GGATAGCTCTGAAC-1",3.12042905899561
"GGATGTACCAAAGA-1",1.64369034994698
"GGATGTACGCGAAG-1",1.56838143036386
"GGATGTACGTCTTT-1",3.02491103202847
"GGATGTACGTGTCA-1",3.18042813455657
"GGATTTCTAGGTTC-1",2.31578947368421
"GGATTTCTTTGTCT-1",1.94436135207897
"GGCAAGGAAAAAGC-1",2.14827295703454
"GGCAAGGAAGAAGT-1",1.77121771217712
"GGCAAGGACTTGGA-1",2.23156532988357
"GGCAAGGAGGACTT-1",1.58129941560674
"GGCAATACGCTAAC-1",3.25278810408922
"GGCAATACGGCATT-1",2.4390243902439
"GGCAATACGTTTCT-1",2.21686746987952
"GGCACGTGGCTTAG-1",1.33370380661295
"GGCACGTGTGAGAA-1",1.7586240216446
"GGCACTCTTTTGTC-1",1.1801730920535
"GGCATATGCTTATC-1",1.49561629706034
"GGCATATGGGGAGT-1",1.21739130434783
"GGCATATGTGTGAC-1",2.71544408825193
"GGCCACGACAGAGG-1",3.03370786516854
"GGCCAGACTGGTTG-1",1.6783762685402
"GGCCCAGAAAGTAG-1",1.08047690014903
"GGCCGAACAACGAA-1",2.59243518912027
"GGCCGAACGCAGAG-1",3.584229390681
"GGCCGAACGTAGGG-1",2.10176991150442
"GGCCGAACTCTAGG-1",0.602409638554217
"GGCCGATGCAGGAG-1",1.42509558567953
"GGCCGATGCCGAAT-1",1.3389441469013
"GGCCGATGTACTCT-1",2.41749808135073
"GGCGACACTGCCCT-1",1.75754844524561
"GGCGACTGCGTAAC-1",0.713719270420301
"GGCGCATGCCTAAG-1",2.05250596658711
"GGCGCATGCTCCAC-1",0.710339384372534
"GGCGCATGTGGAAA-1",0.666666666666667
"GGCGGACTAGAGGC-1",1.70551449687322
"GGCGGACTAGGAGC-1",1.67173252279635
"GGCGGACTCTGACA-1",1.49397590361446
"GGCGGACTCTTGGA-1",3.36264873254009
"GGCGGACTTACTGG-1",3.16271327507283
"GGCGGACTTGAACC-1",1.61137440758294
"GGCTAAACACCTGA-1",0.534319769831484
"GGCTAAACTCTTAC-1",1.68855534709193
"GGCTAATGAGCACT-1",1.87878787878788
"GGCTAATGGTCTAG-1",2.0861074123391
"GGCTCACTACTCAG-1",1.90611664295875
"GGGAACGAAGCTCA-1",2.50057883769391
"GGGAACGACACAAC-1",1.87025131502046
"GGGAACGAGTGTCA-1",2.26480836236934
"GGGAAGTGTTGAGC-1",4.31423052157115
"GGGACCACACGTTG-1",2.63016639828234
"GGGACCACAGAACA-1",2.3444976076555
"GGGACCACGAATAG-1",1.25838926174497
"GGGACCACGTCATG-1",2.07193119624707
"GGGACCACTCAAGC-1",1.69172932330827
"GGGACCACTCGTGA-1",2.2707423580786
"GGGACCACTGCATG-1",1.71073094867807
"GGGACCTGACCCTC-1",1.75381617408249
"GGGACCTGCTTGCC-1",1.96749358426005
"GGGACCTGTGGAGG-1",3.23496027241771
"GGGATGGACGACAT-1",1.07115531752104
"GGGATGGATACTTC-1",2.77288732394366
"GGGATGGATGGTTG-1",2.36943907156673
"GGGATTACGTCTAG-1",1.86666666666667
"GGGCAAGATGCATG-1",2.3876404494382
"GGGCACACGGTGAG-1",3.4555712270804
"GGGCACACGTTGCA-1",2.08282283753982
"GGGCAGCTTGGGAG-1",2.44988864142539
"GGGCAGCTTTTCTG-1",1.58594084869267
"GGGCCAACCTTGGA-1",1.05763517528223
"GGGCCAACGCGTTA-1",2.57234726688103
"GGGCCAACTACGCA-1",2.58379888268156
"GGGCCAACTCCAAG-1",1.84653262207632
"GGGCCATGATGGTC-1",3.34677419354839
"GGGCCATGTTGACG-1",1.63572060123784
"GGGTAACTCAGCTA-1",2.07178290049606
"GGGTAACTCTAGTG-1",1.52542372881356
"GGGTAACTCTGGAT-1",1.95071868583162
"GGGTTAACGTGCAT-1",1.65562913907285
"GGTAAAGAGCTAAC-1",3.15985130111524
"GGTACAACTGCAAC-1",0.678221552373775
"GGTACATGAAAGCA-1",2.18031820860342
"GGTACATGAGCTCA-1",0.913763563677898
"GGTACATGCGGTAT-1",1.74799708667152
"GGTACATGGTTACG-1",1.45228215767635
"GGTACATGTGGGAG-1",2.32981434291955
"GGTACTGAACTCTT-1",2.83203125
"GGTAGTACACCACA-1",2.62008733624454
"GGTAGTACACTAGC-1",3.02114803625378
"GGTAGTACCCTGTC-1",1.96078431372549
"GGTAGTACGCCATA-1",1.56133828996283
"GGTAGTACTGTCTT-1",1.23771386967601
"GGTATCGAGACAAA-1",1.85414091470952
"GGTATCGATGAACC-1",2.05706702057067
"GGTCAAACCAAAGA-1",1.1301799916283
"GGTCTAGAGAAACA-1",2.82897556793828
"GGTCTAGATAGCGT-1",1.20171673819742
"GGTGATACCGACTA-1",2.47933884297521
"GGTGATACGACTAC-1",1.4359351988218
"GGTGATACTGTTTC-1",1.20076849183477
"GGTGGAGAAACGGG-1",1.72166427546628
"GGTGGAGAAGTAGA-1",1.68687401159726
"GGTGGAGACAGATC-1",2.01388888888889
"GGTGGAGATCGATG-1",2.09059233449477
"GGTGGAGATCTCTA-1",2.45633187772926
"GGTGGAGATTACTC-1",1.01957585644372
"GGTTTACTACGCAT-1",2.26109215017065
"GTAACGTGACCTCC-1",1.79163901791639
"GTAACGTGATCGGT-1",2.43773184949656
"GTAACGTGCAGCTA-1",1.61366872330327
"GTAACGTGGTTGAC-1",2.08333333333333
"GTAAGCACAACGGG-1",0.83743842364532
"GTAAGCACTCATTC-1",2.11081794195251
"GTAAGCTGGTACCA-1",2.89855072463768
"GTAATAACCTTCTA-1",3.57951971001359
"GTAATAACGTTGTG-1",2.55077940481814
"GTACCCTGACAGTC-1",1.60427807486631
"GTACCCTGGAGCTT-1",1.65957446808511
"GTACCCTGTCCTTA-1",1.83936235438381
"GTACCCTGTGAACC-1",2.47011952191235
"GTACGTGAACGTTG-1",2.81447443997702
"GTACTTTGTCGACA-1",2.60330578512397
"GTAGACTGAGATGA-1",2.80504908835905
"GTAGACTGTATTCC-1",1.09561752988048
"GTAGCAACAGTCGT-1",1.97220977140296
"GTAGCAACCATTTC-1",3.38368580060423
"GTAGCAACGGTAGG-1",0.418848167539267
"GTAGCATGCACTCC-1",2.44047619047619
"GTAGCATGTAAGCC-1",4.15045395590143
"GTAGCCCTGACGTT-1",3.22317421460628
"GTAGCTGAAGCTAC-1",2.72442179537436
"GTAGCTGAATTCGG-1",2.2231370934541
"GTAGGTACACGGGA-1",1.71508575428771
"GTAGTGACCTCATT-1",1.76192522561238
"GTAGTGTGAGCGGA-1",1.55869459327813
"GTAGTGTGAGGCGA-1",2.35602094240838
"GTAGTGTGTGGTTG-1",0.863821138211382
"GTATCACTGGTAGG-1",2.75779376498801
"GTATCTACAGAAGT-1",1.97195442594216
"GTATCTACGACGAG-1",1.70278637770898
"GTATCTACGTTACG-1",3.02814392589954
"GTATTAGAAACAGA-1",1.43389733295096
"GTATTAGAGGTCTA-1",1.42045454545455
"GTATTCACACAGCT-1",2.99334811529933
"GTATTCACGGGTGA-1",2.12765957446809
"GTCAACGACACTGA-1",1.79162072767365
"GTCAACGAGTGTAC-1",1.86219739292365
"GTCAACGATCAGGT-1",6.67870036101083
"GTCAATCTACACCA-1",2.42077464788732
"GTCAATCTGTAGCT-1",3.21128451380552
"GTCAATCTTGTGGT-1",0.663716814159292
"GTCACCTGCCTCCA-1",1.03480714957667
"GTCACCTGTCCCGT-1",2.43378668575519
"GTCATACTAATCGC-1",2.9869321717486
"GTCATACTGCGATT-1",0.686813186813187
"GTCATACTTCGCCT-1",2.96220633299285
"GTCATACTTTACCT-1",1.88273265196342
"GTCATACTTTGACG-1",1.17044623262619
"GTCCAAGAAAAACG-1",1.32743362831858
"GTCCACTGACCTCC-1",1.17117117117117
"GTCCACTGGGTACT-1",2.78658812868147
"GTCCAGCTACGGGA-1",1.25284738041002
"GTCCCATGTGGTGT-1",2.52951096121417
"GTCGAATGAAGGCG-1",2.2180273714016
"GTCGACCTGAATGA-1",2.06451612903226
"GTCGACCTGTTCAG-1",1.96506550218341
"GTCGCACTTGAGAA-1",1.6490278119616
"GTCTAACTGGTCTA-1",2.87919263876521
"GTCTAGGAGCTTCC-1",2.10958904109589
"GTGAACACACTCTT-1",1.3550135501355
"GTGAACACAGATCC-1",10.4477611940298
"GTGAACACTCAGGT-1",0.965406275140788
"GTGACCCTTAAGCC-1",1.53034300791557
"GTGATGACAAGTGA-1",2.11723811028599
"GTGATGACCTGAGT-1",2.00913242009132
"GTGATGACGGTTTG-1",2.44721689059501
"GTGATTCTCATTTC-1",0.934943513829373
"GTGATTCTCTCTCG-1",2.65895953757225
"GTGATTCTGGTTCA-1",1.69388989715668
"GTGATTCTGTCGAT-1",1.80813661476645
"GTGATTCTTAGCGT-1",2.45718540580789
"GTGCCACTCAGGAG-1",0.897097625329815
"GTGGATTGCACTAG-1",3.22368421052632
"GTGGATTGCGGAGA-1",2.27190768121168
"GTGGATTGTAACGC-1",1.88133140376266
"GTGTACGATCAGTG-1",1.66750884284992
"GTGTAGTGGGTACT-1",2.74285714285714
"GTGTATCTAGCCTA-1",2.44413407821229
"GTGTATCTAGTAGA-1",2.04862674470959
"GTGTATCTGTTACG-1",1.60377358490566
"GTGTCAGAAGCGTT-1",2.09551656920078
"GTGTCAGAATGCTG-1",6.00801068090788
"GTTAAAACCGAGAG-1",0.842000990589401
"GTTAAAACTTCGCC-1",5.05099562894609
"GTTAAATGCTCGAA-1",2.26415094339623
"GTTAAATGTCGACA-1",1.95870831127581
"GTTAACCTAGCTAC-1",2.69718022067838
"GTTAACCTTGCTTT-1",1.62374938494341
"GTTAGGTGCACTCC-1",3.52771778257739
"GTTAGGTGCCAGTA-1",2.67551800442567
"GTTAGGTGCCCAAA-1",0.593878483325719
"GTTAGGTGGAACTC-1",1.75544794188862
"GTTAGTCTAAGAAC-1",4.33651344319167
"GTTATAGAGGACAG-1",1.60818713450292
"GTTATGCTTTCATC-1",1.89534404614751
"GTTCAACTGGGACA-1",2.13191205862758
"GTTCAACTTATGCG-1",2.22138554216867
"GTTGACGAGCCCTT-1",0.948366701791359
"GTTGACGATATCGG-1",1.94518125552608
"GTTGAGTGGTCTTT-1",1.06964041875284
"GTTGAGTGTGCTTT-1",1.953125
"GTTGATCTGGGACA-1",0.424178154825027
"GTTGATCTTTTCAC-1",2.15447154471545
"GTTGGATGTTTACC-1",2.52479711451758
"GTTGTACTATTCCT-1",1.96710738471461
"GTTGTACTTTTGGG-1",2.248126561199
"GTTTAAGACCATGA-1",2.27097767513472
"GTTTAAGACTGTCC-1",2.20959595959596
"TAAACAACCAACCA-1",1.86861313868613
"TAAACAACGAATCC-1",1.06571936056838
"TAAAGACTCAGGAG-1",1.51706700379267
"TAAATCGATGAGGG-1",1.91646191646192
"TAACAATGTGCCCT-1",1.56366344005957
"TAACACCTTCGCTC-1",1.45243282498184
"TAACACCTTCGTAG-1",1.76721511273614
"TAACACCTTGTTTC-1",1.1011011011011
"TAACATGACACTAG-1",1.94805194805195
"TAACCGGACTTACT-1",1.34395221503235
"TAACGTCTCAACCA-1",2.17616580310881
"TAACGTCTCATTGG-1",2.14257888585898
"TAACTAGAATTTCC-1",1.41899881750099
"TAACTAGACTTAGG-1",2.01985621362547
"TAACTAGATCTGGA-1",1.44804088586031
"TAACTCACGAGGAC-1",4.0625
"TAACTCACGTACAC-1",2.6355047240179
"TAACTCACGTATCG-1",1.94429847609038
"TAACTCACTCTACT-1",3.01394511920828
"TAAGAACTGTGTCA-1",3.7593984962406
"TAAGAGGACTAAGC-1",2.13187902825979
"TAAGAGGACTTGTT-1",1.55339805825243
"TAAGATACCCACAA-1",5.43024227234754
"TAAGATACGGTTCA-1",0.955631399317406
"TAAGATTGCGTAGT-1",1.57819225251076
"TAAGATTGTTGCTT-1",1.26692878986457
"TAAGCGTGAGGTTC-1",2.29115262601339
"TAAGCGTGGACAAA-1",2.06205434573135
"TAAGCGTGGGAAAT-1",1.15929583512237
"TAAGCGTGTGCTCC-1",2.23250201126307
"TAAGGCTGCCATGA-1",2.5
"TAAGGCTGCTGCTC-1",1.58434296365331
"TAAGGCTGTCTCGC-1",2.13450292397661
"TAAGGGCTGCTGTA-1",1.34989200863931
"TAAGGGCTTTACTC-1",3.21849501359927
"TAAGTAACCGAGAG-1",2.71041369472183
"TAAGTAACCTCCAC-1",3.33333333333333
"TAAGTAACCTGTAG-1",2.76877761413844
"TAAGTAACTTGTCT-1",2.93560606060606
"TAATGATGAGCGGA-1",1.55402963498374
"TAATGCCTCATGAC-1",0.955794504181601
"TAATGCCTCGTCTC-1",1.97102825932083
"TAATGTGAAGATGA-1",1.44596651445966
"TAATGTGACTGCAA-1",2.17219589257504
"TAATGTGATTACTC-1",2.83870967741935
"TACAAATGGGTACT-1",2.20039292730845
"TACAATGAAAACAG-1",1.60481444332999
"TACAATGACTTAGG-1",1.69578622816033
"TACAATGATGCTAG-1",3.28467153284672
"TACACACTCACACA-1",2.30179028132992
"TACACACTCTTACT-1",3.21027287319422
"TACATAGAACGCAT-1",3.55375618533513
"TACATCACACGGGA-1",1.66563849475632
"TACATCACCTGTTT-1",3.6895977148298
"TACATCACGCTAAC-1",1.78571428571429
"TACATCACTGAACC-1",1.28260869565217
"TACCATTGAGGTTC-1",1.50228608752449
"TACCATTGCGGGAA-1",3.096274794388
"TACCATTGGGGATG-1",2.31741573033708
"TACCATTGTGAGGG-1",3.70685982104815
"TACCGGCTGTTGGT-1",2.77876736729605
"TACGAGTGATCTCT-1",1.85735512630015
"TACGAGTGATGCTG-1",2.00705180363439
"TACGAGTGCGGAGA-1",1.7226148409894
"TACGAGTGGTTGGT-1",1.84518451845185
"TACGATCTAGTGTC-1",2.74454609429979
"TACGATCTCACTGA-1",2.35714285714286
"TACGATCTTACGAC-1",2.78766310794781
"TACGCAGACGTCTC-1",10.4602510460251
"TACGCAGAGAATCC-1",0.801508722300802
"TACGCCACATTCCT-1",0.610687022900763
"TACGCCACTCCCAC-1",3.159288687098
"TACGCCACTCCGAA-1",2.10129310344828
"TACGCGCTCTTCTA-1",5.359565807327
"TACGGAACGCGTTA-1",2.24800580130529
"TACGGCCTGGGACA-1",1.73410404624277
"TACGGCCTGTCCTC-1",5.46341463414634
"TACGTACTACGGAG-1",1.49621212121212
"TACGTACTCAGTTG-1",1.63715335783495
"TACGTACTCCCGTT-1",1.91115702479339
"TACGTTACAGAAGT-1",1.41843971631206
"TACGTTACCAAGCT-1",2.52792475014697
"TACTAAGAAAGGTA-1",1.417004048583
"TACTAAGAATCACG-1",3.12243221035333
"TACTAAGATGATGC-1",2.31058570660935
"TACTAAGATTGCGA-1",1.49078069831306
"TACTACACGAGAGC-1",0.927070457354759
"TACTACACTTACCT-1",3.73333333333333
"TACTACTGAACCTG-1",1.69398907103825
"TACTACTGATGTCG-1",1.5625
"TACTACTGATTCTC-1",1.30088124213177
"TACTACTGTATGGC-1",2.84910306014773
"TACTCAACGGTCTA-1",1.39111824505083
"TACTCAACTGCTAG-1",2.94642857142857
"TACTCCCTCAGTTG-1",1.15904700579523
"TACTCTGAATCGAC-1",1.81543116490166
"TACTCTGACGAGTT-1",1.86286167261197
"TACTCTGATTGACG-1",1.54362416107383
"TACTGGGATCGATG-1",1.56944807742611
"TACTGTTGAAAGCA-1",1.80904522613065
"TACTGTTGAGGCGA-1",2.76470588235294
"TACTGTTGCTGAAC-1",3.20030846346636
"TACTTGACTCCTCG-1",1.64222873900293
"TACTTGACTGGTGT-1",1.93992490613267
"TACTTTCTTTTGGG-1",4.15094339622642
"TAGAAACTAATCGC-1",1.22338015405528
"TAGAAACTGCTTCC-1",2.35720761559383
"TAGAAACTGGGATG-1",1.31291028446389
"TAGAATTGCGACAT-1",2.12521539345204
"TAGAATTGTATCGG-1",2.04968944099379
"TAGACGTGCTTGAG-1",3.37361530715005
"TAGACGTGTCGCTC-1",1.00269957578095
"TAGAGCACCTTACT-1",2.01109570041609
"TAGATTGACTTGTT-1",3.45477386934673
"TAGATTGAGGCATT-1",2.21674876847291
"TAGCATCTCAGCTA-1",1.23602118893467
"TAGCATCTCCCTCA-1",2.63620386643234
"TAGCATCTGCTGTA-1",2.23509933774834
"TAGCATCTGGGACA-1",2.03193033381713
"TAGCATCTTGTCGA-1",1.48317170564746
"TAGCCCACAAAAGC-1",1.32827324478178
"TAGCCCACAGCCAT-1",2.21141088014153
"TAGCCCACAGCTAC-1",2.90188853063105
"TAGCCCACCCACAA-1",2.21662468513854
"TAGCCCTGCGGAGA-1",4.89715964740451
"TAGCCGCTTACGAC-1",1.2531328320802
"TAGCCGCTTACTTC-1",1.73837461973055
"TAGCCGCTTTCCAT-1",2.25225225225225
"TAGCTACTGAATAG-1",1.15501519756839
"TAGCTACTGTAGCT-1",1.26929674099485
"TAGCTACTTTTGCT-1",2.69016697588126
"TAGGACTGTGCTGA-1",2.98594847775176
"TAGGAGCTAAGGCG-1",3.09126594700687
"TAGGAGCTGAGGGT-1",1.84899845916795
"TAGGAGCTTGCATG-1",0.775193798449612
"TAGGCAACCGTCTC-1",1.71597633136095
"TAGGCATGCTCTCG-1",1.35615111398127
"TAGGCATGGCGAGA-1",1.20732722731057
"TAGGCTGATGCCTC-1",1.46430750457596
"TAGGGACTGAACTC-1",2.76473656755347
"TAGGTCGACACTGA-1",2.18800648298217
"TAGGTCGAGGATCT-1",2.04750204750205
"TAGGTGACACACTG-1",3.66649924660974
"TAGGTGACACGTTG-1",3.86652542372881
"TAGGTGTGTTCTGT-1",3.01274623406721
"TAGGTTCTGAAGGC-1",1.89372526851328
"TAGGTTCTTCTTAC-1",2.46609124537608
"TAGGTTCTTGCTGA-1",1.81340341655716
"TAGTAAACCTCGCT-1",1.90578928443006
"TAGTAAACGTCACA-1",2.12765957446809
"TAGTAATGAGATCC-1",0.827814569536424
"TAGTACCTAAGAAC-1",1.86410102224895
"TAGTATGATCTTAC-1",3.05510092744135
"TAGTATGATTCTCA-1",2.025618111409
"TAGTCTTGGCTGTA-1",0
"TAGTCTTGGGACTT-1",1.69671261930011
"TAGTCTTGTGGAAA-1",3.53581142339075
"TAGTGGTGAAGTGA-1",3.5946080878682
"TAGTTAGAACCACA-1",1.55619596541787
"TAGTTAGATGAACC-1",1.53498871331828
"TATAAGACAACAGA-1",4.88798370672098
"TATAAGACAGCTCA-1",2.19541616405308
"TATAAGTGACACCA-1",4.3099025141098
"TATAAGTGTATCGG-1",1.64439876670092
"TATAAGTGTGGTGT-1",2.44249949114594
"TATACAGAACCCTC-1",2.37974683544304
"TATACAGAAGAACA-1",1.56438026474128
"TATACAGATCCAGA-1",1.82384341637011
"TATACCACCTGATG-1",3.39928970065956
"TATACGCTACCAAC-1",1.49323378441437
"TATAGATGGACGGA-1",1.43747005270724
"TATAGATGTTCCGC-1",3.15241228070175
"TATCACTGACTGTG-1",5.51242236024845
"TATCCAACCAGCTA-1",1.48975791433892
"TATCCAACTCTCTA-1",2.73972602739726
"TATCGACTACTAGC-1",2.50338294993234
"TATCGACTCGATAC-1",2.6031746031746
"TATCGTACAGATGA-1",2.51716247139588
"TATCGTACATTCCT-1",2.41067585019371
"TATCTCGAGAGATA-1",1.36402387041773
"TATCTGACAGGTTC-1",2.48940677966102
"TATCTGACTGTTTC-1",1.27867619405792
"TATCTTCTAAACAG-1",2.0655737704918
"TATGAATGGAGGAC-1",1.03550295857988
"TATGAATGTTTGCT-1",2.57718120805369
"TATGCGGATAACCG-1",3.35032774945375
"TATGGGTGCATCAG-1",1.18510158013544
"TATGGGTGCTAGCA-1",2.324431256182
"TATGGTCTCTACCC-1",2.47759620453347
"TATGTCACGGAACG-1",2.55025502550255
"TATGTCACTAACCG-1",1.81870669745958
"TATGTCACTTCTCA-1",2.96242774566474
"TATGTGCTCCGATA-1",1.65005156411138
"TATGTGCTGGATTC-1",0.834797891036907
"TATTGCTGAAGAAC-1",3.85093167701863
"TATTGCTGCCGTTC-1",4.89130434782609
"TATTGCTGTCTGGA-1",2.10224558050645
"TATTGCTGTGCACA-1",3.07692307692308
"TATTTCCTATTGGC-1",1.89255189255189
"TATTTCCTGGAGGT-1",1.81175430844012
"TATTTCCTGGTGTT-1",0.905797101449275
"TCAACACTGTTTGG-1",2.42402315484805
"TCAAGGACAGCGTT-1",1.49597238204833
"TCAAGGACATTCTC-1",1.80772391125719
"TCAAGGACGGTGTT-1",1.01449275362319
"TCAATCACACTCTT-1",2.76476101218369
"TCAATCACAGTCGT-1",3.21580782642387
"TCACAACTATGTGC-1",1.95758564437194
"TCACAACTTTGCTT-1",3.38722093918399
"TCACATACACTTTC-1",1.58976347421481
"TCACATACAGGGTG-1",1.66389351081531
"TCACCCGAGACGGA-1",2.15793217927437
"TCACCGTGCTCGCT-1",3.49956255468067
"TCACCTCTACGACT-1",3.6150234741784
"TCACCTCTTCCAAG-1",2.56781193490054
"TCACGAGAGGAGGT-1",1.94647201946472
"TCACTATGGGGCAA-1",1.88943317004899
"TCACTATGGTTGTG-1",0.618811881188119
"TCAGACGACGCTAA-1",1.25649913344887
"TCAGACGACGTTAG-1",1.91458026509573
"TCAGAGACTCCAGA-1",1.48112756808409
"TCAGCAGACTCCAC-1",1.09931766489765
"TCAGCGCTCTAGTG-1",2.69966254218223
"TCAGCGCTGGATCT-1",2.03921568627451
"TCAGCGCTGGTATC-1",3.00974989402289
"TCAGGATGAAGTAG-1",1.23685837971552
"TCAGGATGCCTTTA-1",2.59532201217558
"TCAGTGGAAGATCC-1",1.8957345971564
"TCAGTTACCTACGA-1",2.68169452001555
"TCAGTTACTAGAAG-1",1.25167635225749
"TCATCAACCCGATA-1",2.22412318220701
"TCATCAACTGTTCT-1",2.74277242401779
"TCATCATGCAGTTG-1",1.35256988277728
"TCATCCCTTACTGG-1",1.37663254500529
"TCATTCGATACAGC-1",2.98120544394038
"TCCACGTGGAAACA-1",1.59474671669794
"TCCACTCTACACTG-1",0.683927699071812
"TCCACTCTGAGCTT-1",2.51335218347471
"TCCACTCTTACTTC-1",0.732356857523302
"TCCATAACAAAGTG-1",2.24618149146451
"TCCATAACCGTAGT-1",1.00334448160535
"TCCATAACGATGAA-1",1.60595377986682
"TCCATAACTACGCA-1",1.76282051282051
"TCCATCCTCCCTAC-1",2.13930348258706
"TCCCACGATCATTC-1",1.06221547799697
"TCCCATCTCAAAGA-1",1.9894311470314
"TCCCGAACACAGTC-1",3.54445090063916
"TCCCGAACTTCGCC-1",2.41800335168781
"TCCCGATGAGATCC-1",2.09039548022599
"TCCCGATGCCTGAA-1",2.09876543209877
"TCCCGATGCTGTGA-1",5.24642289348172
"TCCCTACTCAACTG-1",1.45602795573675
"TCCGAAGACAATCG-1",1.63191296464189
"TCCGAAGACGTTAG-1",1.74520069808028
"TCCGGACTGAGGTG-1",0.879765395894428
"TCCGGACTGTACGT-1",2.62886597938144
"TCCTAAACATCGAC-1",0.783874580067189
"TCCTAAACCGAGAG-1",2.65220012055455
"TCCTAAACCGCATA-1",2.16763005780347
"TCCTAATGGTTTGG-1",1.69236555095901
"TCCTACCTGTCGTA-1",1.03709613083367
"TCCTATGAAAAGCA-1",2.2020725388601
"TCGAATCTCTGGTA-1",2.37547892720307
"TCGACCTGCCGATA-1",1.4726184997699
"TCGACGCTTCTATC-1",1.02362204724409
"TCGACGCTTTGACG-1",3.19051959890611
"TCGAGAACGACAGG-1",4.33039294306335
"TCGAGAACGTTAGC-1",1.59621637599764
"TCGAGCCTATCAGC-1",2.21923335574983
"TCGAGCCTGCGAGA-1",2.44204018547141
"TCGAGCCTTGTGAC-1",3.33716915995397
"TCGATACTATTCCT-1",1.36876006441224
"TCGATACTTGCACA-1",2.13698630136986
"TCGATTTGATGCCA-1",1.18203309692671
"TCGATTTGCACTCC-1",1.07784431137725
"TCGATTTGCAGCTA-1",2.37388724035608
"TCGATTTGCCTACC-1",2.80701754385965
"TCGATTTGTCGTGA-1",1.86539868324799
"TCGCACACCATCAG-1",7.63187429854097
"TCGCAGCTAGATCC-1",2.38322211630124
"TCGCCATGAGACTC-1",1.77228786251343
"TCGCCATGTGGTCA-1",1.77103099304238
"TCGGACCTAACAGA-1",1.13480055020633
"TCGGACCTATAAGG-1",1.16959064327485
"TCGGACCTGTACAC-1",1.42882657617432
"TCGGTAGAGTAGGG-1",1.52091254752852
"TCGGTAGATCCCAC-1",1.74632352941176
"TCGTAGGATCGACA-1",3.133608815427
"TCGTGAGAACTGTG-1",7.26429675425039
"TCGTTATGGACAAA-1",1.24884366327475
"TCTAACACCAGTTG-1",3.68324125230203
"TCTAACACGAGCAG-1",1.60579345088161
"TCTAACTGAACCAC-1",2.65217391304348
"TCTAAGCTAATGCC-1",1.27388535031847
"TCTAAGCTTAGTCG-1",1.78671133445003
"TCTAAGCTTCTAGG-1",1.69267389579476
"TCTAAGCTTGTTCT-1",2.48780487804878
"TCTAAGCTTTCGCC-1",0.875912408759124
"TCTACAACGACTAC-1",2.26385636221702
"TCTAGACTTAGAAG-1",3.71381758601857
"TCTAGTTGCACCAA-1",1.33252574197456
"TCTATGTGAAGAGT-1",1.6829052258636
"TCTATGTGAGTCTG-1",2.94426919032597
"TCTCAAACCTAAGC-1",1.6926201760325
"TCTCTAGAATTTCC-1",1.21189864120455
"TCTGATACACGTGT-1",2.06834532374101
"TCTGATACTCGCCT-1",3.34967320261438
"TCTTACGAACCTGA-1",2.50696378830084
"TCTTCAGAGCTACA-1",1.95916114790287
"TCTTGATGCGGAGA-1",2.1997360316762
"TGAAATTGGTGAGG-1",2.4813153961136
"TGAACCGAAAACGA-1",2.61348005502063
"TGAACCGACTACTT-1",1.44230769230769
"TGAACCGATTCGGA-1",2.02161031718369
"TGAAGCACTCACGA-1",2.55874673629243
"TGAAGCTGAACGAA-1",2.11071286340104
"TGAAGCTGAGACTC-1",6.07553366174056
"TGAAGCTGCATGGT-1",1.92307692307692
"TGAAGCTGCGTAAC-1",2.38860817638953
"TGAATAACCACTTT-1",1.73745173745174
"TGAATAACTCCCAC-1",4.53271028037383
"TGACACGACCTTAT-1",1.9205298013245
"TGACCAGACAACCA-1",1.11172873818788
"TGACCAGAGGATTC-1",2.44409776391056
"TGACCGCTAAAAGC-1",1.42384105960265
"TGACCGCTCTGCAA-1",1.61038961038961
"TGACGATGCAAAGA-1",1.7156862745098
"TGACGCCTGTACCA-1",2.96799224054316
"TGACGCCTTTACTC-1",0.881901840490797
"TGACTGGAAGAGAT-1",2.21914008321775
"TGACTGGACCGTAA-1",0.469483568075117
"TGACTGGACGCAAT-1",1.6533637400228
"TGACTGGAGGACAG-1",2.16450216450216
"TGACTGGATTCTCA-1",1.96415418610361
"TGACTTACACACCA-1",0.902798675895275
"TGACTTACAGTCTG-1",1.91051995163241
"TGACTTTGCGCATA-1",1.36344269279932
"TGACTTTGTTTGTC-1",1.57342657342657
"TGAGACACAAGGTA-1",1.32424537487829
"TGAGACACTCAAGC-1",3.96694214876033
"TGAGACACTGTGCA-1",6.51041666666667
"TGAGCTGAATGCTG-1",2.04130643611912
"TGAGCTGACTGGAT-1",3.28330206378987
"TGAGCTGAGCGAGA-1",5.42168674698795
"TGAGCTGATGCTAG-1",3.32829046898638
"TGAGGACTCTCATT-1",4.03819918144611
"TGAGGACTTCATTC-1",1.84645286686103
"TGAGGTACGAACCT-1",2.86195286195286
"TGAGTCGAGTTACG-1",2.47272727272727
"TGAGTGACTGAGCT-1",1.91368078175896
"TGATAAACGAATCC-1",2.14455917394758
"TGATAAACTCCGTC-1",1.79003386550556
"TGATAAACTTTCAC-1",1.8210197710718
"TGATACCTCACTAG-1",1.32802124833997
"TGATACCTGTTGGT-1",1.53498871331828
"TGATACCTTATGCG-1",2.34098939929329
"TGATACCTTGAAGA-1",1.27409343351846
"TGATATGAACCTTT-1",1.72472100101454
"TGATCACTAGCATC-1",4.59459459459459
"TGATCACTCTCGCT-1",2.44167118827998
"TGATCACTTCTACT-1",2.67806267806268
"TGATCGGACTGACA-1",3.63334124910947
"TGATCGGAGGAGCA-1",1.25739644970414
"TGATCGGATATGCG-1",3.6697247706422
"TGATTAGACATTGG-1",1.31810193321617
"TGATTAGATGACTG-1",2.98380221653879
"TGATTAGATGCTAG-1",1.82954038375725
"TGATTCACTATGCG-1",2.31578947368421
"TGATTCACTGTCAG-1",1.50115473441109
"TGATTCTGCCGAAT-1",1.80645161290323
"TGATTCTGCTCTTA-1",1.38346931536006
"TGCAAGTGAGAACA-1",2.9126213592233
"TGCAAGTGGGTAGG-1",1.8213866039953
"TGCAATCTTCAGGT-1",1.69411019632679
"TGCACAGACGACAT-1",2.80487804878049
"TGCCAAGAGCAGTT-1",1.61290322580645
"TGCCAAGATCTCTA-1",1.74700744095762
"TGCCACTGAACGTC-1",0.754147812971342
"TGCCACTGCGATAC-1",1.28336755646817
"TGCCAGCTTGGCAT-1",1.37425561154375
"TGCCCAACAGCAAA-1",1.21863799283154
"TGCCCAACCGCATA-1",3.25116112897463
"TGCCGACTCTCCCA-1",2.20936349289847
"TGCGAAACAGTCAC-1",2.47969217614365
"TGCGAAACGTTGCA-1",3.24629498941426
"TGCGATGAACGGTT-1",2.29885057471264
"TGCGATGACCTCGT-1",2.02702702702703
"TGCGATGACTAGTG-1",1.89873417721519
"TGCGATGACTGCTC-1",1.94468452895419
"TGCGATGACTTGCC-1",1.28205128205128
"TGCGATGAGTGCTA-1",2.35109717868339
"TGCGCACTCTTGAG-1",1.79924242424242
"TGCGTAGAATAAGG-1",2.83553875236295
"TGCGTAGACGGGAA-1",2.19213410702772
"TGCGTAGATGGTCA-1",2.7706890266132
"TGCTAGGAAACCGT-1",2.43133723547951
"TGCTAGGATAGTCG-1",1.73486088379705
"TGCTATACGGTTCA-1",2.54716981132075
"TGCTATACTGCTGA-1",2.9434546862897
"TGCTGAGAGAGCAG-1",3.4136546184739
"TGCTGAGATTATCC-1",1.4171511627907
"TGGAAAGACTCTCG-1",2.45687401986409
"TGGAAAGAGCGATT-1",1.14662960389159
"TGGAAAGAGGTCAT-1",3.54995705697108
"TGGAAAGATATGGC-1",2.42865816636308
"TGGAACACAAACAG-1",2.99931833674165
"TGGAACACGCTAAC-1",2.47883917775091
"TGGAAGCTCAGATC-1",1.34645261522527
"TGGACCCTACACTG-1",1.8705035971223
"TGGACCCTCATGGT-1",2.35478806907378
"TGGACCCTGGTACT-1",3.13336904124264
"TGGACTGAGTATGC-1",1.71463563992652
"TGGAGACTATCAGC-1",1.48890914615618
"TGGAGACTGAAACA-1",8.81410256410256
"TGGAGACTTCAAGC-1",0.99304865938431
"TGGAGACTTGACCA-1",1.2687969924812
"TGGAGGGACGGAGA-1",2.37416904083571
"TGGAGGGAGCTATG-1",1.3949433304272
"TGGATCGATAAAGG-1",0.973520249221184
"TGGATGTGACCTAG-1",2.20453153704838
"TGGATGTGATGTCG-1",6.45784996133024
"TGGATGTGTGAAGA-1",1.89969604863222
"TGGATTCTCATACG-1",2.5703794369645
"TGGCAATGCTTGTT-1",2.55368543238537
"TGGCAATGGAGGGT-1",5.9650824442289
"TGGCACCTTCACGA-1",2.60416666666667
"TGGCACCTTCAGTG-1",1.93798449612403
"TGGGTATGAAGAGT-1",1.41297366730893
"TGGGTATGCACAAC-1",1.41981284285253
"TGGGTATGGTACGT-1",1.84696569920844
"TGGGTATGTTTGGG-1",1.964972234088
"TGGTAGACATGCCA-1",1.55248059399258
"TGGTAGACCCTCAC-1",2.8317601332593
"TGGTAGACCTGATG-1",1.12028301886792
"TGGTAGTGCACTGA-1",1.17117117117117
"TGGTATCTAAACAG-1",1.81384248210024
"TGGTATCTCTTCCG-1",2.05396697543294
"TGGTCAGACCCAAA-1",1.956745623069
"TGGTCAGACCGTTC-1",10.140562248996
"TGGTTACTGACGTT-1",0.584581658750457
"TGGTTACTGTTCTT-1",2.14641625143733
"TGTAACCTAGAGGC-1",1.66365280289331
"TGTAACCTTGCCTC-1",2.99914310197087
"TGTAATGACACAAC-1",1.43737166324435
"TGTAATGAGGTAAA-1",1.41078838174274
"TGTACTTGCTCTAT-1",1.67108212757286
"TGTAGGTGCGAGAG-1",3.1523642732049
"TGTAGGTGCTATGG-1",2.48109640831758
"TGTAGGTGCTCTAT-1",2.72292993630573
"TGTAGGTGTGCTGA-1",2.0857929948839
"TGTAGTCTTCCAGA-1",1.39995172580256
"TGTAGTCTTGCACA-1",3.49264705882353
"TGTATCTGTTAGGC-1",1.35270541082164
"TGTATGCTCATGGT-1",3.24543610547667
"TGTATGCTGTAGGG-1",2.13204951856946
"TGTATGCTTTCATC-1",2.18718209562564
"TGTCAGGAATACCG-1",3.18494390155628
"TGTCAGGAGATGAA-1",1.98578082863447
"TGTCTAACCCCTTG-1",2.78058645096057
"TGTGACGATTCTCA-1",1.54988698740717
"TGTGAGACTGTCAG-1",1.57598499061914
"TGTGAGACTTGAGC-1",2.37121831561733
"TGTGAGTGACCACA-1",3.15855969677827
"TGTGAGTGAGTGCT-1",2.04479065238559
"TGTGAGTGGAGATA-1",0.723140495867769
"TGTGATCTCTCTAT-1",2.9585798816568
"TGTGATCTGACACT-1",3.8843721770551
"TGTGGATGGCCAAT-1",2.67765190525232
"TGTTAAGACAAAGA-1",1.7688679245283
"TGTTAAGATAAGGA-1",3.31491712707182
"TGTTAAGATTGGCA-1",6.68896321070234
"TGTTACACCGCATA-1",1.8475073313783
"TGTTACACGACTAC-1",3.07219662058372
"TGTTACTGGCTACA-1",3.02053966975433
"TGTTACTGTAGTCG-1",3.44438170525127
"TTAACCACCGTAAC-1",2.73847558192606
"TTAACCACTAAGGA-1",1.92147034252297
"TTAACCACTCAGAC-1",2.95728368017525
"TTACACACGTGTTG-1",1.56967840735069
"TTACACACTCCTAT-1",2.19385719984045
"TTACCATGAATCGC-1",3.30578512396694
"TTACCATGGTTGAC-1",1.01400289715113
"TTACCATGTGTCTT-1",3.29474621549421
"TTACCATGTTGTGG-1",1.42210730446025
"TTACGACTGAGAGC-1",1.73410404624277
"TTACGACTTGACAC-1",2.20936349289847
"TTACGTACGTTCAG-1",2.76008492569002
"TTACTCGAACGTTG-1",1.76620658075489
"TTACTCGAAGAATG-1",2.59067357512953
"TTACTCGACGCAAT-1",2.48508946322068
"TTACTCGAGGGTGA-1",2.11847783444488
"TTACTCGATCTACT-1",1.72549019607843
"TTAGAATGTGGTGT-1",1.72413793103448
"TTAGAATGTGTAGC-1",3.34928229665072
"TTAGACCTCCTACC-1",4.34607645875252
"TTAGACCTCCTTTA-1",1.51449588922544
"TTAGCTACAACCGT-1",2.0952380952381
"TTAGCTACTGTCCC-1",1.86536901865369
"TTAGCTACTTTCGT-1",4.31359123587812
"TTAGGGACGCGAAG-1",2.36471123237835
"TTAGGGTGCTGGAT-1",1.6871704745167
"TTAGGGTGTCCTGC-1",3.10899780541331
"TTAGGTCTACTTTC-1",3.43580470162749
"TTAGTCACCAGTTG-1",1.57068062827225
"TTAGTCTGAAAGCA-1",3.02257829570284
"TTAGTCTGCCAACA-1",2.42354298903635
"TTAGTCTGTGCACA-1",4.02366863905325
"TTATCCGACTAGTG-1",2.47238295633877
"TTATCCGAGAAAGT-1",3.19224402932135
"TTATGAGAGATAAG-1",2.78637770897833
"TTATGCACGTCACA-1",1.82389937106918
"TTATGGCTTATGGC-1",2.20635950681376
"TTATTCCTATGCTG-1",2.19586067642605
"TTATTCCTGGACAG-1",1.31317150815758
"TTATTCCTGGTACT-1",2.44783306581059
"TTATTCCTTCGTGA-1",2.46643771464252
"TTCAAAGATAAAGG-1",2.39093959731544
"TTCAACACAACAGA-1",1.19390695759572
"TTCAACACCCCAAA-1",2.39005736137667
"TTCAACACGGACGA-1",2.01238390092879
"TTCAAGCTAAGAAC-1",2.61363636363636
"TTCAAGCTAGATGA-1",2.35531628532974
"TTCAAGCTGTTGAC-1",1.98061525495154
"TTCAAGCTTCCAAG-1",5.54054054054054
"TTCAAGCTTGATGC-1",1.62297128589263
"TTCAAGCTTTCGCC-1",2.81641168289291
"TTCACAACCCGTTC-1",0.950118764845606
"TTCACAACGTCTGA-1",0.590841949778434
"TTCAGACTACCCAA-1",3.67553865652725
"TTCAGACTCTCGAA-1",0.973020787262273
"TTCAGTACCGACTA-1",1.73473075533068
"TTCAGTACTCAAGC-1",2.26140283633576
"TTCAGTACTCCTAT-1",2.86486486486486
"TTCAGTTGCCAAGT-1",2.3976023976024
"TTCAGTTGTCCTTA-1",0.861195542046606
"TTCAGTTGTCTAGG-1",1.1639185257032
"TTCAGTTGTCTCGC-1",1.77133655394525
"TTCATCGAGGTGGA-1",1.4636696288552
"TTCATGTGTGGTGT-1",1.85185185185185
"TTCATTCTATGTCG-1",1.44761904761905
"TTCATTCTTCTCTA-1",3.8287153652393
"TTCCAAACCTATGG-1",1.23339658444023
"TTCCAAACCTCCCA-1",1.32255694342395
"TTCCAAACTCCCAC-1",1.64141414141414
"TTCCAAACTTGACG-1",2.97510625379478
"TTCCATGACGAGAG-1",3.26086956521739
"TTCCATGACTGTCC-1",2.95801526717557
"TTCCCACTTGAGGG-1",2.30566534914361
"TTCCCACTTGTCTT-1",1.80436847103514
"TTCCTAGAAAGTGA-1",0.386847195357834
"TTCCTAGACTAGTG-1",1.23583934088568
"TTCGAGGACTCTAT-1",2.29591836734694
"TTCGAGGAGGGCAA-1",1.65198237885463
"TTCGAGGATAGAAG-1",2.69384783400073
"TTCGATTGAGCATC-1",1.51911995809324
"TTCGGAGAATGCCA-1",2.85954583683768
"TTCGGAGATGTGCA-1",1.16134384072999
"TTCGTATGAAAAGC-1",1.60804020100503
"TTCGTATGGATAGA-1",1.31313131313131
"TTCGTATGGTCTGA-1",2.88120567375887
"TTCGTATGTCCTTA-1",2.00184077312471
"TTCTACGAACGTAC-1",1.323706377858
"TTCTACGAGTTGGT-1",1.23599845500193
"TTCTAGTGACACGT-1",1.02717031146455
"TTCTAGTGCATGAC-1",3.56970574047275
"TTCTAGTGGAGAGC-1",2.8391167192429
"TTCTAGTGGTCACA-1",1.48305084745763
"TTCTCAGAAGAGAT-1",1.69258920402562
"TTCTCAGAAGCATC-1",2.12254705646776
"TTCTCAGATGGAGG-1",0.719424460431655
"TTCTGATGGAGACG-1",1.8898931799507
"TTCTTACTCTGGAT-1",2.24137931034483
"TTGAACCTCCTTGC-1",1.48997134670487
"TTGAATGAACTACG-1",2.40594925634296
"TTGAATGACTTACT-1",1.6650808753568
"TTGAATGATCTCAT-1",1.73869846000994
"TTGACACTCTGTAG-1",1.33882595262616
"TTGACACTGATAAG-1",2.66362252663623
"TTGAGGACAGAACA-1",2.91032148900169
"TTGAGGACTACGCA-1",2.44402396720278
"TTGAGGTGGACGGA-1",1.04425658876181
"TTGCATTGAGCTAC-1",1.75879396984925
"TTGCATTGCTAAGC-1",4.99383477188656
"TTGCATTGTGACTG-1",1.72272354388843
"TTGCTAACACCAAC-1",2.13764337851929
"TTGCTAACACGCTA-1",1.98212203653323
"TTGCTAACCACTCC-1",2.26921093347086
"TTGCTATGGTACGT-1",2.05920205920206
"TTGCTATGGTAGGG-1",2.40893066980024
"TTGGAGACCAATCG-1",1.17675312199808
"TTGGAGACGCTATG-1",2.40420736288505
"TTGGAGACTATGGC-1",2.86839145106862
"TTGGGAACTGAACC-1",2.1124104111656
"TTGGTACTACTGGT-1",2.84839203675345
"TTGGTACTCTTAGG-1",1.74299384825701
"TTGGTACTGAATCC-1",2.53369272237197
"TTGGTACTGGATTC-1",1.91184280403611
"TTGTACACGTTGTG-1",3.77604166666667
"TTGTACACTTGCAG-1",1.37289636846767
"TTGTAGCTAGCTCA-1",2.2248708780294
"TTGTAGCTCTCTTA-1",2.62417994376757
"TTGTCATGGACGGA-1",1.83823529411765
"TTTAGAGATCCTCG-1",1.35478408128704
"TTTAGCTGATACCG-1",2.28758169934641
"TTTAGCTGGATACC-1",1.10024449877751
"TTTAGCTGTACTCT-1",2.11602891906189
"TTTAGGCTCCTTTA-1",2.32205956587582
"TTTATCCTGTTGTG-1",1.30470236477304
"TTTCACGAGGTTCA-1",1.32612966601179
"TTTCAGTGGAAGGC-1",1.51685393258427
"TTTCAGTGTCACGA-1",3.43137254901961
"TTTCAGTGTCTATC-1",2.45464247598719
"TTTCAGTGTGCAGT-1",1.89250567751703
"TTTCCAGAGGTGAG-1",0.685871056241427
"TTTCGAACACCTGA-1",1.30190796857464
"TTTCGAACTCTCAT-1",2.11043654235328
"TTTCTACTGAGGCA-1",0.929422015683997
"TTTCTACTTCCTCG-1",2.19714964370546
"TTTGCATGAGAGGC-1",2.05479452054794
"TTTGCATGCCTCAC-1",0.806451612903226
